score_kpu,score_ppu,score_kua,score_mat,Keterangan
296,313,288,284,Lulus
303,315,301,287,Lulus
303,315,303,288,Lulus
304,315,303,290,Lulus
308,316,307,291,Lulus
308,317,307,292,Lulus
309,318,308,293,Lulus
310,318,308,293,Lulus
311,318,308,294,Lulus
311,318,308,299,Lulus
311,319,309,304,Lulus
314,319,310,308,Lulus
315,319,311,309,Lulus
315,320,311,310,Lulus
316,321,312,310,Tidak Lulus
317,321,314,310,Lulus
317,322,314,311,Lulus
319,323,314,312,Lulus
320,323,314,312,Lulus
320,325,314,314,Lulus
321,325,314,315,Lulus
321,326,314,319,Lulus
322,326,315,320,Lulus
323,327,315,322,Lulus
323,327,315,322,Lulus
324,327,317,323,Lulus
326,327,318,324,Lulus
327,328,318,324,Lulus
327,328,318,324,Lulus
330,328,319,325,Lulus
330,329,319,325,Tidak Lulus
331,331,319,325,Lulus
332,331,321,325,Lulus
333,331,322,325,Lulus
334,332,322,327,Lulus
334,333,323,327,Lulus
334,333,324,327,Lulus
335,334,324,328,Lulus
336,336,325,328,Lulus
336,337,325,328,Lulus
336,337,325,330,Lulus
336,337,326,330,Lulus
336,337,327,331,Lulus
337,338,327,331,Lulus
337,339,328,331,Lulus
338,340,330,332,Lulus
338,341,331,332,Lulus
339,341,332,332,Tidak Lulus
341,343,333,332,Lulus
342,343,333,333,Lulus
342,343,333,333,Lulus
342,344,334,334,Lulus
342,345,334,334,Lulus
342,345,334,335,Lulus
342,345,334,336,Tidak Lulus
343,346,335,336,Lulus
344,346,336,336,Lulus
346,348,337,337,Lulus
347,349,337,337,Lulus
347,349,337,337,Lulus
348,349,338,337,Lulus
348,350,339,337,Lulus
351,350,339,337,Lulus
352,350,339,338,Lulus
352,350,340,338,Lulus
352,350,341,339,Lulus
353,350,341,339,Lulus
353,350,341,340,Lulus
353,350,341,340,Lulus
354,351,342,340,Lulus
354,354,342,340,Lulus
355,354,342,341,Lulus
356,354,343,341,Lulus
356,355,343,342,Lulus
357,355,343,342,Lulus
358,355,343,343,Lulus
358,355,343,343,Tidak Lulus
359,355,343,344,Lulus
359,355,344,344,Tidak Lulus
360,356,344,344,Lulus
360,356,345,344,Lulus
360,357,345,344,Lulus
360,357,345,345,Lulus
360,357,345,346,Lulus
362,357,345,347,Lulus
362,358,345,347,Lulus
362,358,345,347,Lulus
362,358,347,347,Lulus
363,359,347,348,Lulus
363,359,348,348,Tidak Lulus
363,360,348,349,Lulus
363,361,348,349,Tidak Lulus
363,361,348,349,Lulus
364,362,348,349,Lulus
365,362,348,349,Lulus
365,362,348,350,Lulus
366,363,348,350,Lulus
366,363,349,350,Lulus
366,363,349,351,Lulus
366,363,350,351,Lulus
367,364,351,351,Lulus
367,365,351,351,Lulus
367,365,351,351,Lulus
367,365,351,351,Lulus
368,365,352,352,Lulus
368,365,352,352,Lulus
368,365,353,352,Lulus
369,366,353,353,Lulus
369,366,353,353,Tidak Lulus
369,366,354,354,Lulus
369,367,354,354,Lulus
369,367,355,354,Tidak Lulus
370,367,355,354,Lulus
370,367,355,354,Lulus
370,367,356,355,Tidak Lulus
370,368,357,356,Lulus
370,368,357,357,Lulus
370,368,357,357,Tidak Lulus
370,368,357,358,Lulus
370,369,357,358,Tidak Lulus
371,370,358,358,Lulus
371,370,358,358,Lulus
371,370,358,358,Lulus
372,370,358,359,Lulus
372,370,358,359,Lulus
373,370,358,359,Tidak Lulus
373,371,359,359,Lulus
373,372,359,359,Tidak Lulus
373,372,359,359,Tidak Lulus
373,372,359,359,Lulus
374,373,359,360,Tidak Lulus
375,373,360,360,Lulus
375,373,360,360,Lulus
375,374,361,360,Lulus
375,374,361,360,Lulus
375,374,361,360,Lulus
375,374,362,361,Tidak Lulus
375,374,362,361,Tidak Lulus
375,375,362,361,Tidak Lulus
376,375,363,361,Lulus
376,375,363,361,Tidak Lulus
377,375,363,361,Lulus
377,376,364,361,Lulus
378,376,364,361,Lulus
378,376,364,361,Tidak Lulus
378,377,364,362,Lulus
378,378,364,362,Lulus
378,378,364,362,Lulus
379,378,365,362,Lulus
379,378,365,362,Lulus
379,378,365,363,Lulus
380,378,365,363,Lulus
380,378,366,363,Tidak Lulus
380,379,366,363,Lulus
380,379,366,364,Lulus
381,379,366,364,Lulus
381,380,367,364,Lulus
381,380,367,364,Tidak Lulus
381,380,368,364,Tidak Lulus
382,380,368,364,Lulus
382,381,368,365,Tidak Lulus
382,381,368,366,Tidak Lulus
383,381,368,366,Lulus
383,381,369,366,Lulus
384,381,369,366,Tidak Lulus
384,382,369,366,Lulus
384,382,370,366,Lulus
384,382,370,366,Lulus
385,382,370,366,Lulus
385,383,370,366,Tidak Lulus
385,383,370,366,Tidak Lulus
385,383,371,367,Lulus
386,383,371,367,Tidak Lulus
386,383,372,367,Lulus
386,383,372,367,Lulus
386,383,372,367,Lulus
386,384,372,367,Tidak Lulus
386,384,372,367,Lulus
386,384,373,367,Lulus
386,384,373,368,Lulus
387,384,373,368,Lulus
387,384,373,368,Lulus
387,384,374,368,Lulus
387,384,374,368,Lulus
388,384,374,369,Lulus
388,384,374,369,Lulus
388,384,375,369,Lulus
388,385,375,369,Lulus
388,385,375,369,Lulus
388,385,375,370,Lulus
388,385,375,370,Lulus
389,386,375,370,Lulus
389,386,375,371,Lulus
389,387,375,371,Lulus
389,387,375,371,Tidak Lulus
389,387,376,371,Lulus
390,387,376,371,Lulus
390,388,376,371,Lulus
390,388,376,372,Lulus
390,388,376,372,Lulus
390,388,376,372,Lulus
390,389,376,373,Lulus
391,389,376,374,Lulus
391,389,376,374,Lulus
391,390,376,374,Lulus
391,390,376,374,Lulus
391,390,377,374,Lulus
391,390,377,374,Lulus
391,391,377,375,Lulus
392,391,377,375,Lulus
392,391,378,375,Lulus
392,391,378,376,Lulus
393,391,378,376,Lulus
393,392,378,376,Lulus
393,392,378,376,Lulus
393,392,379,376,Lulus
393,393,379,377,Tidak Lulus
393,393,379,377,Tidak Lulus
393,394,379,377,Lulus
394,394,380,377,Lulus
394,394,380,377,Lulus
394,394,380,377,Lulus
394,394,380,377,Lulus
394,394,380,377,Lulus
394,394,381,377,Lulus
394,394,381,378,Lulus
395,395,381,378,Lulus
395,395,381,378,Lulus
395,395,381,378,Lulus
395,395,382,379,Lulus
395,395,382,379,Lulus
395,396,382,379,Lulus
395,396,382,379,Tidak Lulus
395,396,382,380,Lulus
395,396,382,380,Lulus
395,396,382,380,Tidak Lulus
396,396,383,380,Tidak Lulus
396,396,383,380,Lulus
396,397,383,381,Lulus
397,397,383,381,Lulus
397,397,383,381,Lulus
397,397,383,381,Tidak Lulus
397,397,384,381,Lulus
397,397,384,381,Lulus
397,398,384,381,Lulus
397,398,385,382,Lulus
398,398,385,382,Tidak Lulus
398,398,385,382,Lulus
398,398,385,382,Lulus
398,399,385,383,Lulus
398,399,385,383,Lulus
399,399,385,383,Lulus
399,399,385,383,Tidak Lulus
399,399,385,383,Lulus
399,399,385,384,Lulus
399,399,385,384,Tidak Lulus
399,399,386,385,Tidak Lulus
399,400,386,385,Lulus
399,400,386,385,Tidak Lulus
399,400,386,386,Lulus
399,400,386,386,Lulus
399,400,386,386,Lulus
399,401,387,386,Lulus
400,401,387,386,Lulus
400,401,387,386,Lulus
400,401,387,386,Lulus
400,401,387,387,Lulus
400,401,388,387,Lulus
400,401,388,388,Lulus
400,401,388,388,Tidak Lulus
401,401,388,388,Lulus
401,401,388,388,Lulus
401,401,388,388,Lulus
401,402,388,388,Lulus
402,402,388,388,Lulus
402,402,389,388,Tidak Lulus
402,402,389,389,Tidak Lulus
402,402,389,389,Lulus
402,402,389,389,Lulus
402,402,389,389,Lulus
402,402,389,389,Lulus
403,402,390,389,Lulus
403,402,390,389,Lulus
403,402,390,389,Lulus
403,403,390,389,Lulus
403,403,390,389,Lulus
403,404,390,389,Tidak Lulus
403,404,390,390,Lulus
403,404,391,390,Lulus
403,404,391,390,Lulus
403,404,391,390,Lulus
403,405,391,390,Tidak Lulus
404,405,391,390,Lulus
404,405,391,391,Lulus
404,405,391,391,Lulus
404,405,391,391,Lulus
404,405,391,391,Tidak Lulus
404,405,392,391,Lulus
405,405,392,392,Lulus
405,405,392,392,Lulus
405,406,392,392,Lulus
405,406,393,392,Lulus
405,406,393,392,Lulus
406,406,393,392,Lulus
406,406,393,392,Tidak Lulus
406,406,393,393,Lulus
407,406,394,393,Lulus
407,406,394,393,Lulus
407,406,394,393,Lulus
407,407,394,393,Lulus
407,407,394,394,Lulus
408,407,394,394,Lulus
408,407,394,395,Lulus
408,407,394,395,Lulus
408,407,394,395,Lulus
408,407,394,395,Tidak Lulus
408,407,395,395,Lulus
409,407,395,395,Tidak Lulus
409,407,395,395,Lulus
409,408,395,396,Lulus
409,408,396,396,Lulus
409,408,396,396,Lulus
409,408,396,396,Tidak Lulus
409,408,396,396,Lulus
409,408,396,396,Lulus
409,408,396,397,Lulus
410,408,396,397,Lulus
410,409,396,397,Lulus
410,409,396,397,Lulus
410,409,397,397,Lulus
410,409,397,397,Lulus
410,409,397,397,Lulus
410,410,397,397,Lulus
410,410,397,397,Lulus
410,410,397,398,Tidak Lulus
410,410,398,398,Lulus
411,410,398,398,Tidak Lulus
411,411,398,398,Lulus
411,411,398,398,Lulus
411,411,398,398,Lulus
411,411,398,398,Lulus
411,411,398,398,Lulus
411,411,399,399,Lulus
411,411,399,399,Lulus
412,411,400,399,Lulus
412,411,400,399,Lulus
412,412,400,399,Tidak Lulus
412,412,400,399,Lulus
412,412,400,399,Lulus
412,413,400,399,Lulus
412,413,400,400,Lulus
412,413,400,400,Lulus
412,413,400,400,Lulus
413,413,400,400,Lulus
413,413,400,400,Lulus
413,414,401,400,Tidak Lulus
413,414,401,401,Lulus
413,414,401,401,Lulus
413,414,401,401,Lulus
414,414,401,401,Lulus
414,414,401,401,Lulus
414,414,401,401,Lulus
414,414,401,401,Lulus
414,414,402,401,Lulus
414,414,402,401,Lulus
414,414,402,401,Lulus
414,414,402,401,Lulus
414,414,402,402,Lulus
414,414,402,402,Lulus
414,414,403,402,Lulus
415,415,403,402,Lulus
415,415,403,402,Lulus
415,415,403,402,Lulus
415,415,403,402,Lulus
415,415,403,402,Lulus
415,415,403,402,Lulus
415,415,404,402,Lulus
416,415,404,403,Lulus
416,415,404,403,Lulus
416,415,404,403,Tidak Lulus
416,415,404,403,Lulus
416,415,404,403,Lulus
416,416,404,403,Lulus
416,416,404,403,Lulus
417,416,404,404,Lulus
417,416,405,404,Lulus
417,416,405,404,Lulus
417,417,405,404,Lulus
417,417,405,404,Lulus
417,417,405,404,Lulus
417,417,406,404,Lulus
417,417,406,405,Lulus
417,417,406,405,Lulus
417,417,406,405,Lulus
417,417,406,405,Lulus
417,417,406,405,Lulus
418,417,406,405,Lulus
418,417,406,405,Lulus
418,417,407,405,Lulus
418,417,407,405,Tidak Lulus
418,417,407,406,Lulus
418,417,407,406,Lulus
418,417,407,406,Lulus
418,418,407,406,Lulus
418,418,407,406,Lulus
419,418,407,406,Lulus
419,418,408,406,Tidak Lulus
419,418,408,406,Tidak Lulus
419,418,408,406,Lulus
419,418,408,406,Tidak Lulus
419,418,408,407,Lulus
419,419,408,407,Lulus
419,419,408,407,Tidak Lulus
419,419,408,407,Lulus
419,419,409,407,Lulus
419,419,409,407,Tidak Lulus
419,419,409,407,Lulus
420,419,409,407,Lulus
420,419,409,407,Lulus
420,419,409,407,Lulus
420,419,409,408,Lulus
420,420,410,408,Tidak Lulus
421,420,410,408,Lulus
421,420,410,408,Lulus
421,420,410,408,Lulus
421,420,410,408,Lulus
421,420,410,408,Lulus
421,420,410,408,Lulus
421,420,411,408,Lulus
421,420,411,409,Lulus
421,420,411,409,Tidak Lulus
421,421,411,409,Tidak Lulus
422,421,411,409,Tidak Lulus
422,421,411,409,Lulus
422,421,411,409,Lulus
422,422,411,409,Lulus
422,422,412,409,Lulus
422,422,412,409,Tidak Lulus
422,422,412,409,Lulus
423,422,412,409,Tidak Lulus
423,422,412,409,Lulus
423,422,412,409,Lulus
423,422,412,410,Lulus
423,423,412,410,Lulus
423,423,412,410,Tidak Lulus
423,423,412,410,Lulus
424,423,412,410,Lulus
424,423,413,410,Lulus
424,423,413,410,Lulus
424,423,413,410,Lulus
424,423,413,410,Lulus
424,423,413,410,Lulus
425,424,413,410,Tidak Lulus
425,424,413,410,Lulus
425,424,413,410,Lulus
425,424,413,410,Lulus
425,424,413,410,Lulus
425,424,413,410,Lulus
425,424,413,410,Lulus
425,424,413,411,Lulus
425,424,413,411,Tidak Lulus
425,424,414,411,Lulus
425,424,414,411,Lulus
425,424,414,411,Lulus
425,424,414,411,Tidak Lulus
425,424,414,411,Lulus
425,424,414,411,Lulus
426,425,414,411,Lulus
426,425,414,411,Lulus
426,425,414,411,Tidak Lulus
426,425,414,412,Tidak Lulus
426,425,414,412,Lulus
426,425,414,412,Lulus
426,425,414,412,Lulus
426,426,414,412,Lulus
426,426,414,412,Lulus
427,426,415,412,Lulus
427,426,415,412,Lulus
427,426,415,412,Lulus
427,426,415,412,Lulus
427,426,415,413,Lulus
427,426,415,413,Lulus
427,426,415,413,Lulus
428,426,415,413,Lulus
428,426,415,413,Lulus
428,427,416,413,Lulus
428,427,416,413,Lulus
428,427,416,413,Tidak Lulus
428,427,416,413,Lulus
428,427,416,413,Lulus
428,427,416,413,Lulus
428,427,416,414,Tidak Lulus
429,427,416,414,Lulus
429,427,416,414,Tidak Lulus
429,427,416,414,Lulus
429,428,416,414,Lulus
429,428,416,414,Lulus
429,428,416,414,Tidak Lulus
429,428,417,414,Lulus
429,428,417,414,Lulus
430,428,417,414,Lulus
430,428,417,414,Lulus
430,429,417,415,Tidak Lulus
430,429,417,415,Lulus
430,429,417,415,Lulus
430,429,417,415,Lulus
430,429,417,415,Lulus
430,429,417,416,Lulus
430,429,417,416,Tidak Lulus
430,429,418,416,Lulus
430,429,418,416,Lulus
430,429,418,416,Tidak Lulus
430,429,418,416,Lulus
430,429,418,416,Tidak Lulus
430,429,418,416,Tidak Lulus
430,430,418,416,Tidak Lulus
430,430,418,416,Tidak Lulus
430,430,418,416,Lulus
431,430,418,417,Tidak Lulus
431,430,418,417,Lulus
431,430,418,417,Tidak Lulus
431,430,418,417,Lulus
431,430,418,417,Tidak Lulus
431,430,419,417,Lulus
431,430,419,417,Lulus
431,430,419,417,Lulus
431,430,419,417,Tidak Lulus
431,430,419,418,Lulus
431,430,419,418,Lulus
431,430,419,418,Tidak Lulus
431,431,419,418,Lulus
432,431,419,418,Lulus
432,431,419,418,Lulus
432,431,419,418,Lulus
432,431,420,418,Lulus
432,431,420,418,Lulus
432,431,420,418,Lulus
432,431,420,418,Lulus
432,431,420,418,Lulus
433,431,420,418,Lulus
433,431,420,418,Lulus
433,432,420,418,Lulus
433,432,420,418,Lulus
433,432,420,418,Lulus
433,432,421,418,Lulus
433,432,421,418,Tidak Lulus
434,432,421,418,Tidak Lulus
434,432,421,418,Lulus
434,432,421,418,Lulus
434,432,421,418,Lulus
434,432,421,418,Tidak Lulus
434,432,421,418,Lulus
434,432,421,419,Lulus
434,432,421,419,Lulus
434,432,421,419,Lulus
434,433,421,419,Lulus
434,433,422,419,Lulus
434,433,422,419,Lulus
434,433,422,419,Lulus
434,433,422,419,Lulus
434,433,422,419,Tidak Lulus
435,433,422,420,Lulus
435,433,422,420,Tidak Lulus
435,433,422,420,Lulus
435,434,423,420,Lulus
435,434,423,420,Tidak Lulus
435,434,423,420,Tidak Lulus
435,434,423,420,Lulus
435,434,423,420,Lulus
436,434,423,420,Lulus
436,434,423,420,Lulus
436,434,423,421,Tidak Lulus
436,434,423,421,Lulus
436,434,423,421,Tidak Lulus
437,434,423,421,Lulus
437,434,424,421,Lulus
437,434,424,421,Lulus
437,435,424,421,Lulus
437,435,424,421,Lulus
437,435,424,421,Tidak Lulus
437,435,424,421,Tidak Lulus
437,435,424,421,Lulus
437,435,424,421,Lulus
437,435,424,421,Lulus
437,435,424,421,Lulus
437,435,424,422,Lulus
437,435,424,422,Lulus
437,436,425,422,Lulus
437,436,425,422,Lulus
438,436,425,422,Lulus
438,436,425,422,Lulus
438,436,425,422,Lulus
438,436,425,422,Lulus
438,436,425,423,Tidak Lulus
438,436,425,423,Lulus
438,437,425,423,Lulus
438,437,425,423,Lulus
438,437,425,423,Lulus
438,437,425,423,Lulus
438,437,425,423,Lulus
438,437,425,423,Lulus
438,437,426,423,Lulus
438,437,426,423,Lulus
438,437,426,423,Lulus
438,437,426,423,Lulus
439,437,426,423,Lulus
439,437,426,423,Lulus
439,437,426,423,Lulus
439,438,426,423,Lulus
439,438,426,423,Lulus
439,438,426,423,Lulus
439,438,426,424,Lulus
439,438,426,424,Lulus
440,438,427,424,Tidak Lulus
440,438,427,424,Lulus
440,438,427,424,Lulus
440,438,427,424,Lulus
440,438,427,424,Lulus
440,438,427,424,Lulus
440,438,427,424,Lulus
440,438,427,424,Lulus
440,438,427,424,Lulus
440,439,427,425,Lulus
440,439,427,425,Lulus
440,439,427,425,Lulus
440,439,428,425,Tidak Lulus
440,439,428,425,Lulus
440,439,428,425,Lulus
440,439,428,425,Tidak Lulus
441,439,428,425,Lulus
441,439,428,425,Tidak Lulus
441,439,428,425,Lulus
441,439,428,425,Lulus
441,439,428,425,Lulus
441,439,428,425,Lulus
441,439,428,425,Lulus
441,439,428,425,Lulus
442,439,429,425,Lulus
442,439,429,426,Lulus
442,439,429,426,Lulus
442,439,429,426,Lulus
442,440,429,426,Lulus
442,440,429,426,Lulus
442,440,429,426,Lulus
442,440,429,426,Lulus
442,440,429,426,Tidak Lulus
442,440,429,426,Lulus
442,440,429,426,Lulus
442,440,429,426,Tidak Lulus
442,440,429,426,Lulus
442,440,429,427,Lulus
442,440,429,427,Lulus
442,440,429,427,Lulus
442,440,429,427,Lulus
443,440,429,427,Tidak Lulus
443,440,430,427,Lulus
443,440,430,427,Tidak Lulus
443,441,430,427,Lulus
443,441,430,427,Lulus
443,441,430,427,Lulus
443,441,430,427,Lulus
443,441,430,427,Lulus
444,441,430,427,Lulus
444,441,430,428,Lulus
444,441,430,428,Lulus
444,441,430,428,Lulus
444,442,431,428,Lulus
444,442,431,428,Tidak Lulus
444,442,431,428,Lulus
444,442,431,428,Lulus
444,442,431,428,Lulus
444,442,431,428,Lulus
444,442,431,429,Tidak Lulus
444,442,431,429,Lulus
445,442,431,429,Lulus
445,442,431,429,Lulus
445,442,431,429,Lulus
445,442,431,429,Lulus
445,443,431,429,Lulus
445,443,431,429,Lulus
445,443,432,429,Lulus
445,443,432,429,Lulus
445,443,432,429,Lulus
445,443,432,429,Lulus
445,443,432,429,Lulus
445,443,432,430,Tidak Lulus
445,443,432,430,Lulus
446,443,432,430,Lulus
446,443,432,430,Lulus
446,443,432,430,Lulus
446,443,432,430,Lulus
446,443,432,430,Lulus
446,444,432,430,Lulus
446,444,433,430,Lulus
446,444,433,430,Lulus
446,444,433,430,Lulus
446,444,433,430,Lulus
446,444,433,430,Tidak Lulus
446,444,433,430,Lulus
446,444,433,430,Lulus
446,444,433,430,Lulus
446,444,433,430,Lulus
446,444,433,430,Lulus
446,445,433,430,Lulus
446,445,434,430,Lulus
446,445,434,430,Lulus
446,445,434,431,Lulus
446,445,434,431,Lulus
446,445,434,431,Lulus
447,445,434,431,Lulus
447,445,434,431,Lulus
447,445,434,431,Tidak Lulus
447,446,434,431,Lulus
447,446,434,431,Tidak Lulus
447,446,434,431,Lulus
447,446,434,431,Lulus
447,446,434,432,Lulus
447,446,435,432,Lulus
447,446,435,432,Lulus
447,446,435,432,Lulus
447,446,435,432,Lulus
447,446,435,432,Tidak Lulus
447,446,435,432,Lulus
447,447,435,432,Tidak Lulus
447,447,435,432,Lulus
448,447,435,432,Tidak Lulus
448,447,435,432,Lulus
448,447,435,432,Lulus
448,447,435,432,Lulus
448,447,435,432,Lulus
448,447,435,432,Tidak Lulus
448,447,435,432,Lulus
448,447,436,432,Tidak Lulus
448,447,436,432,Tidak Lulus
448,447,436,433,Lulus
448,447,436,433,Tidak Lulus
448,447,436,433,Lulus
448,447,436,433,Tidak Lulus
449,447,437,433,Lulus
449,447,437,433,Tidak Lulus
449,447,437,433,Tidak Lulus
449,448,437,433,Lulus
449,448,437,433,Lulus
449,448,437,433,Lulus
449,448,437,433,Lulus
449,448,437,433,Lulus
449,448,437,434,Lulus
449,448,437,434,Lulus
449,448,437,434,Tidak Lulus
449,448,437,434,Lulus
449,448,437,434,Lulus
450,448,437,434,Lulus
450,448,437,434,Lulus
450,448,437,434,Lulus
450,448,437,434,Tidak Lulus
450,448,438,434,Tidak Lulus
450,448,438,434,Lulus
450,448,438,434,Lulus
450,448,438,434,Lulus
450,449,438,434,Lulus
450,449,438,434,Lulus
450,449,438,434,Lulus
450,449,438,434,Lulus
450,449,438,435,Lulus
451,449,438,435,Tidak Lulus
451,449,438,435,Lulus
451,449,439,435,Lulus
451,449,439,435,Tidak Lulus
451,449,439,435,Lulus
451,449,439,435,Tidak Lulus
451,450,439,435,Lulus
451,450,439,435,Lulus
451,450,439,435,Lulus
451,450,439,435,Lulus
451,450,439,435,Lulus
451,450,439,435,Lulus
451,450,439,435,Lulus
451,450,439,435,Tidak Lulus
451,450,439,435,Tidak Lulus
451,450,439,435,Lulus
451,450,439,435,Lulus
451,450,440,436,Lulus
451,450,440,436,Tidak Lulus
451,450,440,436,Lulus
451,450,440,436,Lulus
452,451,440,436,Lulus
452,451,440,436,Tidak Lulus
452,451,440,436,Lulus
452,451,440,436,Lulus
452,451,440,436,Tidak Lulus
452,451,440,436,Tidak Lulus
452,451,440,436,Lulus
452,451,440,436,Tidak Lulus
452,451,440,436,Tidak Lulus
452,451,440,436,Lulus
452,451,440,437,Lulus
452,451,440,437,Lulus
452,451,440,437,Lulus
452,451,440,437,Lulus
453,451,440,437,Lulus
453,452,440,437,Lulus
453,452,440,437,Lulus
453,452,440,437,Lulus
453,452,440,437,Lulus
453,452,440,437,Tidak Lulus
453,452,441,437,Lulus
453,452,441,437,Lulus
453,452,441,437,Lulus
453,452,441,437,Lulus
453,452,441,437,Lulus
453,452,441,437,Lulus
453,452,441,437,Lulus
453,452,441,437,Lulus
454,452,441,437,Lulus
454,452,441,437,Lulus
454,452,441,437,Lulus
454,452,442,437,Lulus
454,452,442,437,Lulus
454,453,442,438,Lulus
454,453,442,438,Tidak Lulus
454,453,442,438,Lulus
454,453,442,438,Lulus
454,453,442,438,Lulus
454,453,442,438,Lulus
454,453,442,438,Lulus
454,453,442,438,Lulus
454,453,442,438,Tidak Lulus
454,453,442,438,Lulus
455,453,442,438,Lulus
455,453,442,438,Lulus
455,453,442,439,Lulus
455,453,443,439,Lulus
455,453,443,439,Lulus
455,454,443,439,Lulus
455,454,443,439,Lulus
455,454,443,439,Lulus
455,454,443,439,Lulus
455,454,443,439,Lulus
455,454,443,439,Lulus
455,454,443,439,Lulus
455,454,443,439,Tidak Lulus
455,454,443,440,Tidak Lulus
456,454,444,440,Lulus
456,454,444,440,Lulus
456,454,444,440,Lulus
456,454,444,440,Lulus
456,454,444,440,Tidak Lulus
456,454,444,440,Tidak Lulus
456,454,444,440,Lulus
456,454,444,440,Lulus
456,454,444,440,Tidak Lulus
456,454,445,440,Lulus
456,454,445,440,Lulus
456,454,445,440,Tidak Lulus
456,454,445,440,Lulus
457,454,445,440,Lulus
457,454,445,440,Lulus
457,455,445,440,Lulus
457,455,445,440,Lulus
457,455,445,440,Lulus
457,455,445,441,Lulus
457,455,445,441,Tidak Lulus
457,455,445,441,Lulus
457,455,445,441,Lulus
457,455,445,441,Lulus
457,455,445,441,Tidak Lulus
457,455,445,441,Lulus
457,455,445,441,Lulus
457,455,445,441,Lulus
457,455,445,441,Lulus
457,455,445,441,Lulus
458,455,445,441,Lulus
458,455,445,441,Lulus
458,455,445,441,Lulus
458,456,446,441,Lulus
458,456,446,441,Lulus
458,456,446,441,Lulus
458,456,446,441,Lulus
458,456,446,442,Tidak Lulus
458,456,446,442,Lulus
458,456,446,442,Lulus
458,456,446,442,Lulus
458,456,446,442,Tidak Lulus
458,456,446,442,Lulus
459,456,447,442,Lulus
459,456,447,442,Lulus
459,456,447,442,Lulus
459,456,447,442,Tidak Lulus
459,456,447,442,Lulus
459,457,447,442,Lulus
459,457,447,442,Lulus
459,457,448,442,Lulus
459,457,448,442,Tidak Lulus
459,457,448,442,Lulus
459,457,448,442,Lulus
459,457,448,442,Tidak Lulus
459,457,448,442,Lulus
459,457,448,442,Lulus
459,457,448,442,Tidak Lulus
460,457,448,442,Lulus
460,458,448,442,Lulus
460,458,448,442,Tidak Lulus
460,458,448,442,Lulus
460,458,448,442,Lulus
460,458,448,442,Tidak Lulus
460,458,448,443,Lulus
460,458,448,443,Lulus
460,458,448,443,Lulus
460,458,448,443,Lulus
460,458,448,443,Lulus
460,458,449,443,Tidak Lulus
460,458,449,443,Lulus
460,458,449,443,Tidak Lulus
460,458,449,444,Lulus
461,458,449,444,Lulus
461,458,449,444,Tidak Lulus
461,458,449,444,Lulus
461,458,449,444,Lulus
461,458,449,444,Lulus
461,458,449,444,Lulus
461,458,449,444,Tidak Lulus
461,458,449,444,Lulus
461,459,449,444,Lulus
461,459,449,444,Tidak Lulus
461,459,449,444,Lulus
461,459,449,444,Lulus
461,459,449,444,Lulus
461,459,450,444,Lulus
462,459,450,445,Lulus
462,459,450,445,Lulus
462,459,450,445,Lulus
462,459,450,445,Lulus
462,459,450,445,Tidak Lulus
462,459,450,445,Lulus
462,459,450,445,Lulus
462,459,450,445,Lulus
462,459,450,445,Lulus
463,459,450,445,Lulus
463,459,450,445,Lulus
463,460,450,445,Lulus
463,460,450,445,Lulus
463,460,451,445,Lulus
463,460,451,445,Lulus
463,460,451,445,Lulus
463,460,451,445,Lulus
463,460,451,445,Lulus
463,460,451,445,Tidak Lulus
463,460,451,445,Lulus
463,460,451,446,Lulus
463,460,451,446,Lulus
463,460,451,446,Lulus
463,460,451,446,Lulus
463,460,451,446,Tidak Lulus
463,460,451,446,Lulus
463,460,452,446,Tidak Lulus
463,460,452,446,Tidak Lulus
463,461,452,446,Lulus
463,461,452,446,Lulus
464,461,452,446,Lulus
464,461,452,446,Lulus
464,461,452,446,Lulus
464,461,452,446,Lulus
464,461,452,447,Lulus
464,461,452,447,Lulus
464,461,452,447,Lulus
464,461,453,447,Lulus
464,461,453,447,Tidak Lulus
464,461,453,447,Lulus
464,461,453,447,Lulus
465,461,453,447,Lulus
465,462,453,447,Tidak Lulus
465,462,453,447,Lulus
465,462,453,447,Lulus
465,462,453,447,Lulus
465,462,453,447,Lulus
465,462,453,447,Tidak Lulus
465,462,453,447,Lulus
465,462,453,447,Lulus
465,462,453,447,Tidak Lulus
465,463,453,447,Lulus
465,463,453,447,Lulus
465,463,453,447,Lulus
465,463,453,447,Tidak Lulus
465,463,453,447,Lulus
465,463,453,448,Tidak Lulus
465,463,453,448,Tidak Lulus
465,463,453,448,Lulus
465,463,454,448,Lulus
465,464,454,448,Lulus
465,464,454,448,Lulus
465,464,454,448,Lulus
465,464,454,448,Lulus
465,464,454,448,Lulus
465,464,454,448,Lulus
465,464,454,448,Lulus
466,464,454,448,Tidak Lulus
466,464,454,448,Lulus
466,464,454,448,Lulus
466,464,454,448,Lulus
466,464,454,448,Tidak Lulus
466,464,454,448,Lulus
466,464,454,448,Tidak Lulus
466,465,454,449,Lulus
466,465,454,449,Lulus
466,465,454,449,Lulus
466,465,454,449,Lulus
466,465,454,449,Lulus
466,465,455,449,Lulus
466,465,455,449,Lulus
466,465,455,449,Tidak Lulus
466,465,455,449,Tidak Lulus
466,465,455,449,Lulus
467,465,455,449,Lulus
467,465,455,449,Lulus
467,465,455,449,Lulus
467,465,455,449,Lulus
467,465,455,449,Lulus
467,465,455,449,Lulus
467,466,455,449,Lulus
467,466,455,449,Tidak Lulus
467,466,455,449,Lulus
467,466,455,449,Tidak Lulus
467,466,456,449,Lulus
467,466,456,450,Lulus
467,466,456,450,Lulus
467,466,456,450,Lulus
467,466,456,450,Lulus
467,466,456,450,Tidak Lulus
467,466,456,450,Tidak Lulus
467,466,456,450,Lulus
467,466,456,450,Lulus
467,466,456,450,Lulus
467,466,456,450,Tidak Lulus
467,466,456,450,Lulus
468,466,456,450,Lulus
468,466,456,450,Lulus
468,466,456,450,Lulus
468,466,456,450,Lulus
468,466,456,450,Tidak Lulus
468,466,456,450,Tidak Lulus
468,467,456,450,Lulus
468,467,456,450,Lulus
468,467,456,450,Lulus
468,467,456,451,Tidak Lulus
468,467,457,451,Lulus
468,467,457,451,Lulus
468,467,457,451,Lulus
468,467,457,451,Tidak Lulus
468,467,457,451,Lulus
468,467,457,451,Lulus
468,467,457,451,Lulus
469,467,457,451,Lulus
469,467,457,451,Lulus
469,467,457,451,Tidak Lulus
469,467,457,452,Lulus
469,467,457,452,Lulus
469,467,457,452,Lulus
469,467,457,452,Lulus
469,467,457,452,Lulus
469,467,458,452,Lulus
469,467,458,452,Lulus
469,467,458,452,Lulus
469,467,458,452,Lulus
469,467,458,452,Lulus
469,468,458,452,Lulus
470,468,458,452,Lulus
470,468,458,452,Tidak Lulus
470,468,458,452,Tidak Lulus
470,468,458,452,Lulus
470,468,458,452,Lulus
470,468,458,452,Lulus
470,468,458,452,Lulus
470,468,458,452,Tidak Lulus
470,468,458,453,Lulus
470,468,458,453,Tidak Lulus
470,468,459,453,Lulus
470,468,459,453,Lulus
470,468,459,453,Lulus
470,468,459,453,Tidak Lulus
470,468,459,453,Lulus
470,469,459,453,Lulus
470,469,459,453,Lulus
470,469,459,453,Lulus
470,469,459,453,Lulus
470,469,459,453,Lulus
471,469,459,453,Lulus
471,469,459,453,Tidak Lulus
471,469,459,453,Lulus
471,469,459,453,Tidak Lulus
471,469,459,453,Lulus
471,469,460,453,Lulus
471,469,460,453,Lulus
471,469,460,453,Lulus
471,470,460,453,Lulus
471,470,460,454,Lulus
471,470,460,454,Lulus
471,470,460,454,Lulus
471,470,460,454,Lulus
471,470,460,454,Lulus
471,470,460,454,Lulus
472,470,460,454,Tidak Lulus
472,470,460,454,Tidak Lulus
472,470,460,454,Lulus
472,470,460,454,Lulus
472,470,460,454,Lulus
472,470,460,454,Lulus
472,470,460,454,Lulus
472,470,460,454,Lulus
472,470,460,455,Lulus
472,470,460,455,Lulus
472,470,460,455,Lulus
472,470,461,455,Lulus
472,470,461,455,Lulus
472,471,461,455,Lulus
472,471,461,455,Lulus
472,471,461,455,Lulus
472,471,461,455,Tidak Lulus
472,471,461,455,Lulus
472,471,461,455,Tidak Lulus
473,471,461,455,Lulus
473,471,461,455,Lulus
473,471,461,455,Tidak Lulus
473,471,461,455,Tidak Lulus
473,471,461,455,Tidak Lulus
473,471,461,455,Tidak Lulus
473,471,461,455,Lulus
473,471,462,455,Tidak Lulus
473,471,462,455,Tidak Lulus
473,471,462,455,Lulus
473,471,462,456,Tidak Lulus
473,471,462,456,Lulus
474,471,462,456,Lulus
474,472,462,456,Lulus
474,472,462,456,Lulus
474,472,462,456,Lulus
474,472,462,456,Lulus
474,472,462,456,Tidak Lulus
474,472,462,456,Lulus
474,472,462,456,Lulus
474,472,462,456,Lulus
474,472,462,456,Lulus
474,472,462,456,Tidak Lulus
475,472,462,456,Tidak Lulus
475,472,463,456,Lulus
475,472,463,456,Lulus
475,472,463,456,Lulus
475,472,463,457,Lulus
475,472,463,457,Lulus
475,472,463,457,Lulus
475,472,463,457,Lulus
475,472,463,457,Lulus
475,472,463,457,Lulus
475,472,463,457,Tidak Lulus
475,472,463,457,Lulus
475,473,463,457,Lulus
475,473,464,457,Lulus
475,473,464,457,Tidak Lulus
475,473,464,457,Tidak Lulus
475,473,464,457,Tidak Lulus
475,473,464,458,Tidak Lulus
475,473,464,458,Lulus
475,473,464,458,Lulus
475,473,464,458,Lulus
475,473,464,458,Lulus
475,473,464,458,Lulus
475,473,464,458,Lulus
476,473,465,458,Lulus
476,473,465,458,Lulus
476,474,465,458,Lulus
476,474,465,458,Lulus
476,474,465,458,Tidak Lulus
476,474,465,458,Lulus
476,474,465,458,Lulus
476,474,465,458,Tidak Lulus
476,474,465,458,Lulus
476,474,465,458,Lulus
476,474,465,458,Lulus
476,474,465,458,Lulus
476,474,465,458,Lulus
476,474,465,458,Lulus
476,474,465,458,Tidak Lulus
476,474,466,458,Lulus
476,474,466,459,Lulus
476,474,466,459,Tidak Lulus
476,474,466,459,Tidak Lulus
476,474,466,459,Tidak Lulus
476,475,466,459,Lulus
476,475,466,459,Lulus
476,475,466,459,Lulus
476,475,466,459,Lulus
476,475,466,459,Lulus
476,475,466,459,Tidak Lulus
476,475,466,459,Lulus
477,475,466,459,Lulus
477,475,466,459,Lulus
477,475,466,460,Lulus
477,475,466,460,Lulus
477,475,466,460,Lulus
477,475,466,460,Lulus
477,475,467,460,Lulus
477,475,467,460,Tidak Lulus
477,475,467,460,Lulus
478,475,467,460,Lulus
478,475,467,460,Lulus
478,475,467,460,Lulus
478,475,467,460,Lulus
478,475,467,460,Lulus
478,476,467,460,Tidak Lulus
478,476,467,460,Lulus
478,476,467,460,Tidak Lulus
478,476,467,460,Lulus
478,476,467,460,Lulus
478,476,467,460,Lulus
478,476,467,460,Tidak Lulus
479,476,467,460,Lulus
479,476,467,460,Lulus
479,476,468,460,Lulus
479,476,468,461,Lulus
479,476,468,461,Lulus
479,476,468,461,Lulus
479,476,468,461,Lulus
479,476,468,461,Lulus
479,476,468,461,Tidak Lulus
479,476,468,461,Lulus
479,476,468,461,Tidak Lulus
479,476,468,461,Lulus
479,476,468,461,Lulus
479,477,468,461,Lulus
479,477,468,461,Lulus
480,477,469,461,Lulus
480,477,469,461,Tidak Lulus
480,477,469,462,Lulus
480,477,469,462,Lulus
480,477,469,462,Lulus
480,477,469,462,Lulus
480,477,469,462,Lulus
480,477,469,462,Lulus
480,477,469,462,Lulus
480,477,469,462,Lulus
480,477,469,462,Lulus
480,477,469,462,Tidak Lulus
480,477,469,462,Lulus
480,477,469,462,Tidak Lulus
481,477,469,462,Tidak Lulus
481,477,469,462,Lulus
481,477,469,462,Lulus
481,477,469,462,Lulus
481,477,469,462,Lulus
481,477,469,462,Lulus
481,477,470,463,Lulus
481,477,470,463,Tidak Lulus
481,477,470,463,Lulus
481,477,470,463,Lulus
481,477,470,463,Lulus
481,477,470,463,Lulus
481,477,470,463,Lulus
481,478,470,463,Lulus
481,478,470,463,Lulus
481,478,470,463,Lulus
481,478,470,463,Lulus
481,478,470,463,Lulus
481,478,470,463,Lulus
481,478,470,463,Tidak Lulus
482,478,470,463,Lulus
482,478,470,463,Lulus
482,478,470,463,Tidak Lulus
482,478,470,463,Lulus
482,478,470,464,Lulus
482,478,470,464,Lulus
482,478,471,464,Lulus
482,478,471,464,Lulus
482,478,471,464,Lulus
482,478,471,464,Tidak Lulus
482,478,471,464,Lulus
482,478,471,464,Lulus
482,478,471,464,Tidak Lulus
482,479,471,464,Lulus
482,479,471,464,Lulus
483,479,472,464,Lulus
483,479,472,464,Lulus
483,479,472,464,Lulus
483,479,472,464,Lulus
483,479,472,464,Lulus
483,479,472,464,Lulus
483,479,472,464,Lulus
483,479,472,464,Lulus
483,479,472,464,Lulus
483,479,472,464,Lulus
483,479,472,464,Lulus
483,479,472,464,Lulus
483,479,472,465,Lulus
483,479,472,465,Tidak Lulus
483,479,472,465,Lulus
483,479,472,465,Lulus
483,480,472,465,Lulus
483,480,472,465,Lulus
483,480,472,465,Lulus
483,480,472,465,Lulus
483,480,472,465,Lulus
483,480,472,465,Lulus
484,480,472,465,Lulus
484,480,472,465,Lulus
484,480,472,465,Lulus
484,480,472,465,Lulus
484,480,472,465,Lulus
484,480,473,465,Lulus
484,480,473,465,Tidak Lulus
484,480,473,465,Lulus
484,480,473,465,Lulus
484,480,473,465,Lulus
484,480,473,466,Lulus
484,481,473,466,Lulus
484,481,473,466,Lulus
485,481,473,466,Lulus
485,481,473,466,Lulus
485,481,473,466,Lulus
485,481,473,466,Lulus
485,481,473,466,Lulus
485,481,473,466,Tidak Lulus
485,481,473,466,Lulus
485,481,473,466,Lulus
485,481,473,466,Tidak Lulus
485,481,473,466,Lulus
485,481,473,466,Lulus
485,481,473,466,Lulus
485,481,473,466,Lulus
485,481,473,466,Lulus
485,481,474,467,Lulus
485,481,474,467,Lulus
486,481,474,467,Tidak Lulus
486,482,474,467,Lulus
486,482,474,467,Lulus
486,482,474,467,Lulus
486,482,474,467,Lulus
486,482,474,467,Lulus
486,482,474,467,Lulus
486,482,474,467,Lulus
486,482,474,467,Lulus
486,482,475,467,Lulus
486,482,475,467,Lulus
486,482,475,467,Lulus
486,482,475,467,Lulus
487,482,475,467,Lulus
487,482,475,467,Lulus
487,482,475,467,Tidak Lulus
487,482,475,468,Tidak Lulus
487,482,475,468,Lulus
487,482,475,468,Lulus
487,483,475,468,Lulus
487,483,475,468,Lulus
487,483,475,468,Tidak Lulus
487,483,475,468,Tidak Lulus
488,483,476,468,Lulus
488,483,476,468,Lulus
488,483,476,468,Lulus
488,483,476,468,Lulus
488,483,476,468,Lulus
488,483,476,468,Lulus
488,483,476,468,Tidak Lulus
488,483,476,468,Lulus
488,483,476,468,Lulus
488,483,476,468,Lulus
488,483,476,468,Tidak Lulus
488,483,476,468,Lulus
488,483,476,469,Tidak Lulus
488,483,476,469,Tidak Lulus
488,483,476,469,Lulus
488,483,477,469,Lulus
488,483,477,469,Lulus
488,483,477,469,Lulus
488,484,477,469,Tidak Lulus
489,484,477,469,Lulus
489,484,477,469,Lulus
489,484,477,469,Tidak Lulus
489,484,477,469,Tidak Lulus
489,484,477,469,Lulus
489,484,477,469,Lulus
489,484,477,469,Lulus
489,484,477,469,Tidak Lulus
489,484,477,469,Lulus
489,484,477,469,Tidak Lulus
489,484,477,469,Lulus
489,484,477,469,Lulus
489,484,477,469,Lulus
489,484,477,469,Lulus
489,484,477,469,Lulus
489,484,478,469,Lulus
489,484,478,469,Tidak Lulus
489,484,478,469,Lulus
489,485,478,470,Lulus
489,485,478,470,Lulus
489,485,478,470,Lulus
489,485,478,470,Lulus
489,485,478,470,Tidak Lulus
489,485,478,470,Lulus
489,485,478,470,Lulus
490,485,478,470,Lulus
490,485,478,470,Lulus
490,485,478,470,Lulus
490,485,478,470,Lulus
490,485,478,470,Lulus
490,485,478,470,Tidak Lulus
490,485,479,471,Lulus
490,485,479,471,Lulus
490,485,479,471,Lulus
490,485,479,471,Tidak Lulus
490,485,479,471,Lulus
490,485,479,471,Tidak Lulus
490,485,479,471,Lulus
490,485,479,471,Tidak Lulus
490,485,479,471,Lulus
490,485,479,471,Lulus
490,485,479,471,Lulus
490,485,479,471,Lulus
490,486,479,471,Tidak Lulus
490,486,479,471,Lulus
491,486,479,471,Lulus
491,486,479,471,Tidak Lulus
491,486,479,471,Lulus
491,486,479,471,Lulus
491,486,479,472,Lulus
491,486,479,472,Lulus
491,486,480,472,Lulus
491,486,480,472,Lulus
491,487,480,472,Tidak Lulus
491,487,480,472,Tidak Lulus
491,487,480,472,Tidak Lulus
491,487,480,472,Tidak Lulus
491,487,480,472,Lulus
491,487,480,472,Lulus
491,487,480,472,Lulus
491,487,480,472,Lulus
491,487,480,472,Lulus
491,487,480,472,Lulus
492,487,480,472,Tidak Lulus
492,487,480,472,Lulus
492,487,480,472,Tidak Lulus
492,487,480,473,Lulus
492,487,480,473,Lulus
492,488,480,473,Tidak Lulus
492,488,480,473,Lulus
492,488,481,473,Lulus
492,488,481,473,Lulus
492,488,481,473,Lulus
492,488,481,473,Lulus
492,488,481,473,Lulus
492,488,481,473,Lulus
492,488,481,473,Lulus
492,488,481,473,Lulus
492,488,481,473,Lulus
492,488,481,473,Lulus
492,488,481,473,Lulus
492,488,481,474,Tidak Lulus
492,488,481,474,Lulus
492,488,481,474,Tidak Lulus
492,488,481,474,Lulus
492,489,481,474,Lulus
492,489,481,474,Lulus
492,489,481,474,Lulus
492,489,481,474,Lulus
492,489,481,474,Lulus
492,489,481,474,Lulus
492,489,481,474,Lulus
492,489,482,474,Tidak Lulus
492,489,482,474,Lulus
492,489,482,474,Lulus
492,489,482,474,Lulus
492,489,482,474,Lulus
492,489,482,474,Lulus
493,489,482,474,Lulus
493,489,482,474,Lulus
493,489,482,474,Tidak Lulus
493,489,482,474,Lulus
493,489,482,474,Lulus
493,489,482,474,Lulus
493,489,482,474,Lulus
493,489,482,474,Lulus
493,489,482,474,Lulus
493,489,482,474,Lulus
493,489,482,474,Lulus
493,489,482,474,Lulus
493,490,483,474,Lulus
493,490,483,475,Lulus
493,490,483,475,Lulus
493,490,483,475,Lulus
493,490,483,475,Lulus
493,490,483,475,Lulus
493,490,483,475,Lulus
493,490,483,475,Lulus
493,490,483,475,Lulus
493,490,483,475,Lulus
493,490,483,475,Lulus
493,490,483,475,Lulus
493,490,483,475,Lulus
493,490,483,475,Lulus
493,490,483,475,Lulus
494,490,484,475,Lulus
494,490,484,475,Lulus
494,490,484,475,Tidak Lulus
494,490,484,475,Lulus
494,490,484,475,Tidak Lulus
494,490,484,475,Lulus
494,490,484,475,Lulus
494,490,484,475,Lulus
494,491,484,475,Lulus
494,491,484,475,Lulus
494,491,484,475,Lulus
494,491,484,475,Lulus
494,491,484,475,Tidak Lulus
494,491,484,475,Lulus
494,491,484,475,Lulus
494,491,484,475,Lulus
494,491,484,476,Lulus
494,491,484,476,Lulus
494,491,484,476,Lulus
494,491,484,476,Lulus
494,491,484,476,Lulus
494,491,484,476,Lulus
494,491,485,476,Tidak Lulus
494,491,485,476,Tidak Lulus
495,491,485,476,Lulus
495,491,485,476,Lulus
495,491,485,476,Lulus
495,491,485,476,Lulus
495,491,485,476,Lulus
495,491,485,476,Lulus
495,491,485,477,Lulus
495,491,485,477,Lulus
495,491,485,477,Lulus
495,491,485,477,Lulus
495,492,485,477,Lulus
495,492,485,477,Tidak Lulus
495,492,485,477,Lulus
495,492,485,477,Lulus
495,492,485,477,Lulus
495,492,485,477,Lulus
495,492,485,477,Lulus
495,492,485,477,Tidak Lulus
495,492,485,477,Lulus
495,492,486,477,Tidak Lulus
495,492,486,477,Lulus
495,492,486,477,Lulus
495,492,486,477,Lulus
495,492,486,478,Lulus
495,492,486,478,Lulus
495,492,486,478,Lulus
495,492,486,478,Tidak Lulus
495,492,486,478,Lulus
495,492,486,478,Lulus
495,492,486,478,Lulus
495,492,486,478,Lulus
495,492,486,478,Lulus
496,492,486,478,Tidak Lulus
496,492,486,478,Lulus
496,492,486,478,Lulus
496,492,486,478,Lulus
496,492,487,478,Lulus
496,492,487,478,Lulus
496,492,487,478,Lulus
496,492,487,478,Lulus
496,492,487,478,Lulus
496,492,487,478,Lulus
496,492,487,478,Lulus
496,492,487,478,Tidak Lulus
496,493,487,478,Tidak Lulus
497,493,487,479,Lulus
497,493,487,479,Lulus
497,493,487,479,Lulus
497,493,487,479,Lulus
497,493,487,479,Lulus
497,493,487,479,Lulus
497,493,487,479,Lulus
497,493,488,479,Lulus
497,493,488,479,Lulus
497,493,488,479,Lulus
497,493,488,479,Lulus
497,493,488,479,Lulus
497,493,488,479,Lulus
497,493,488,479,Lulus
497,493,488,479,Lulus
497,493,488,479,Lulus
497,494,488,479,Tidak Lulus
498,494,488,479,Lulus
498,494,488,479,Lulus
498,494,488,479,Lulus
498,494,488,479,Lulus
498,494,488,479,Lulus
498,494,488,479,Lulus
498,494,488,479,Lulus
498,494,488,479,Lulus
498,494,488,479,Lulus
498,494,488,479,Lulus
498,494,488,479,Lulus
498,494,488,480,Lulus
498,494,488,480,Lulus
498,494,488,480,Tidak Lulus
498,494,488,480,Lulus
498,495,488,480,Lulus
498,495,488,480,Lulus
498,495,488,480,Lulus
498,495,488,480,Tidak Lulus
498,495,488,480,Lulus
498,495,488,480,Lulus
498,495,488,480,Lulus
498,495,489,480,Lulus
498,495,489,480,Lulus
499,495,489,480,Lulus
499,495,489,480,Lulus
499,495,489,480,Lulus
499,495,489,480,Tidak Lulus
499,495,489,480,Lulus
499,495,489,481,Tidak Lulus
499,495,489,481,Lulus
499,495,489,481,Lulus
499,495,489,481,Lulus
499,496,489,481,Lulus
499,496,489,481,Lulus
499,496,490,481,Lulus
499,496,490,481,Lulus
499,496,490,481,Lulus
499,496,490,481,Lulus
499,496,490,481,Lulus
499,496,490,481,Lulus
499,496,490,481,Lulus
499,496,490,481,Lulus
499,496,490,481,Lulus
499,496,490,481,Lulus
500,496,490,481,Lulus
500,496,490,481,Lulus
500,496,490,482,Lulus
500,496,490,482,Lulus
500,496,490,482,Tidak Lulus
500,496,490,482,Lulus
500,496,490,482,Lulus
500,497,490,482,Lulus
500,497,490,482,Tidak Lulus
500,497,491,482,Lulus
500,497,491,482,Tidak Lulus
500,497,491,482,Lulus
500,497,491,482,Lulus
500,497,491,482,Lulus
500,497,491,482,Lulus
500,497,491,482,Tidak Lulus
500,497,491,483,Lulus
500,497,491,483,Lulus
500,497,491,483,Lulus
500,497,491,483,Tidak Lulus
500,497,491,483,Lulus
500,497,491,483,Lulus
500,497,491,483,Lulus
501,497,491,483,Lulus
501,497,491,483,Lulus
501,497,491,483,Tidak Lulus
501,497,491,483,Tidak Lulus
501,498,491,483,Lulus
501,498,491,483,Lulus
501,498,491,483,Lulus
501,498,491,483,Lulus
501,498,491,483,Lulus
501,498,492,483,Lulus
501,498,492,483,Tidak Lulus
501,498,492,483,Lulus
502,498,492,483,Lulus
502,498,492,483,Lulus
502,498,492,483,Lulus
502,498,492,484,Lulus
502,498,492,484,Lulus
502,498,492,484,Lulus
502,498,492,484,Lulus
502,498,492,484,Lulus
502,498,492,484,Lulus
502,498,492,484,Tidak Lulus
502,498,492,484,Lulus
502,498,492,484,Lulus
502,498,492,484,Lulus
502,498,492,484,Tidak Lulus
502,499,492,484,Lulus
502,499,492,484,Lulus
502,499,492,484,Lulus
502,499,492,484,Tidak Lulus
502,499,492,484,Lulus
502,499,492,484,Lulus
502,499,492,484,Lulus
502,499,492,485,Tidak Lulus
503,499,493,485,Lulus
503,499,493,485,Lulus
503,499,493,485,Lulus
503,499,493,485,Lulus
503,499,493,485,Tidak Lulus
503,499,493,485,Lulus
503,499,493,485,Lulus
503,499,493,485,Lulus
503,499,493,485,Lulus
503,499,493,485,Lulus
503,499,493,485,Lulus
503,500,493,485,Lulus
503,500,493,485,Lulus
503,500,493,485,Lulus
503,500,493,485,Tidak Lulus
503,500,493,485,Lulus
504,500,493,485,Lulus
504,500,493,485,Lulus
504,500,493,485,Lulus
504,500,493,485,Lulus
504,500,494,485,Lulus
504,500,494,485,Lulus
504,500,494,486,Tidak Lulus
504,500,494,486,Lulus
504,500,494,486,Lulus
504,500,494,486,Lulus
504,500,494,486,Lulus
504,500,494,486,Lulus
504,500,494,486,Lulus
504,500,494,486,Lulus
504,500,494,486,Lulus
504,500,494,486,Tidak Lulus
504,500,494,486,Tidak Lulus
504,500,494,486,Lulus
504,501,494,486,Tidak Lulus
504,501,494,486,Lulus
504,501,494,486,Lulus
505,501,494,486,Lulus
505,501,494,486,Tidak Lulus
505,501,495,486,Lulus
505,501,495,486,Lulus
505,501,495,486,Lulus
505,501,495,486,Lulus
505,501,495,486,Lulus
505,501,495,487,Lulus
505,501,495,487,Tidak Lulus
505,501,495,487,Lulus
505,501,495,487,Lulus
505,501,495,487,Lulus
505,501,495,487,Lulus
505,501,495,487,Tidak Lulus
505,501,495,487,Lulus
505,501,495,487,Lulus
505,501,495,487,Lulus
505,501,496,487,Lulus
506,501,496,487,Lulus
506,501,496,487,Lulus
506,501,496,487,Lulus
506,502,496,487,Lulus
506,502,496,487,Lulus
506,502,496,487,Lulus
506,502,496,487,Lulus
506,502,496,487,Lulus
506,502,496,487,Lulus
506,502,496,487,Lulus
506,502,496,487,Tidak Lulus
506,502,496,487,Lulus
506,502,496,487,Lulus
506,502,496,487,Lulus
506,502,496,488,Lulus
506,502,496,488,Lulus
506,502,496,488,Lulus
506,502,496,488,Lulus
507,502,496,488,Lulus
507,502,496,488,Lulus
507,503,496,488,Tidak Lulus
507,503,496,488,Lulus
507,503,496,488,Lulus
507,503,497,488,Lulus
507,503,497,488,Lulus
507,503,497,488,Lulus
507,503,497,488,Tidak Lulus
507,503,497,488,Lulus
507,503,497,488,Lulus
507,503,497,488,Lulus
507,503,497,488,Lulus
507,503,497,488,Lulus
507,503,497,488,Lulus
507,504,497,488,Lulus
507,504,497,489,Lulus
507,504,497,489,Lulus
507,504,497,489,Lulus
507,504,497,489,Lulus
507,504,497,489,Lulus
508,504,497,489,Lulus
508,504,497,489,Lulus
508,504,497,489,Lulus
508,504,497,489,Lulus
508,504,497,489,Lulus
508,504,497,489,Tidak Lulus
508,504,497,489,Lulus
508,504,498,489,Lulus
508,504,498,489,Lulus
508,504,498,489,Lulus
508,504,498,489,Tidak Lulus
508,504,498,489,Lulus
509,504,498,489,Lulus
509,504,498,489,Lulus
509,504,498,489,Tidak Lulus
509,504,498,489,Lulus
509,504,498,490,Lulus
509,504,498,490,Lulus
509,504,498,490,Lulus
509,504,498,490,Lulus
509,505,498,490,Lulus
509,505,498,490,Lulus
509,505,498,490,Lulus
509,505,498,490,Tidak Lulus
509,505,498,490,Lulus
509,505,498,490,Lulus
509,505,498,490,Tidak Lulus
509,505,498,490,Lulus
510,505,498,490,Lulus
510,505,499,490,Lulus
510,505,499,490,Lulus
510,505,499,490,Lulus
510,505,499,490,Lulus
510,505,499,490,Lulus
510,505,499,490,Lulus
510,505,499,490,Lulus
510,505,499,490,Lulus
510,505,499,490,Lulus
510,505,499,490,Lulus
510,505,499,490,Tidak Lulus
510,505,499,490,Lulus
510,505,499,490,Tidak Lulus
510,505,499,490,Lulus
510,505,499,490,Tidak Lulus
510,505,499,491,Lulus
510,505,499,491,Tidak Lulus
510,505,500,491,Tidak Lulus
511,505,500,491,Lulus
511,505,500,491,Lulus
511,505,500,491,Lulus
511,506,500,491,Lulus
511,506,500,491,Lulus
511,506,500,491,Lulus
511,506,500,491,Lulus
511,506,500,491,Lulus
511,506,500,491,Lulus
511,506,500,491,Lulus
511,506,500,491,Tidak Lulus
511,506,500,491,Lulus
511,506,500,491,Tidak Lulus
511,506,500,491,Tidak Lulus
511,506,500,491,Lulus
511,506,500,492,Tidak Lulus
511,506,500,492,Lulus
512,506,500,492,Lulus
512,506,500,492,Lulus
512,506,500,492,Lulus
512,506,500,492,Lulus
512,506,500,492,Tidak Lulus
512,506,500,492,Tidak Lulus
512,506,500,492,Tidak Lulus
512,506,500,492,Tidak Lulus
512,507,500,492,Tidak Lulus
512,507,500,492,Tidak Lulus
512,507,500,492,Lulus
512,507,500,492,Lulus
512,507,500,492,Lulus
512,507,501,492,Lulus
512,507,501,492,Lulus
512,507,501,492,Lulus
512,507,501,492,Lulus
512,507,501,492,Lulus
512,507,501,492,Lulus
512,507,501,492,Lulus
512,507,501,492,Lulus
512,507,501,492,Lulus
512,507,501,492,Lulus
513,507,501,492,Lulus
513,507,501,492,Lulus
513,507,501,492,Lulus
513,507,501,492,Lulus
513,507,501,493,Lulus
513,507,501,493,Lulus
513,507,501,493,Lulus
513,508,501,493,Tidak Lulus
513,508,501,493,Tidak Lulus
513,508,501,493,Lulus
513,508,501,493,Lulus
513,508,501,493,Lulus
513,508,501,493,Lulus
513,508,502,493,Lulus
514,508,502,493,Lulus
514,508,502,493,Lulus
514,508,502,493,Lulus
514,508,502,493,Lulus
514,508,502,493,Tidak Lulus
514,508,502,493,Tidak Lulus
514,508,502,493,Lulus
514,508,502,493,Lulus
514,508,502,493,Lulus
514,508,502,493,Lulus
514,508,502,493,Lulus
514,508,502,493,Tidak Lulus
514,508,502,494,Lulus
514,508,502,494,Tidak Lulus
514,508,502,494,Lulus
514,508,502,494,Lulus
514,508,502,494,Lulus
514,508,502,494,Lulus
514,508,502,494,Lulus
514,508,502,494,Lulus
514,508,502,494,Lulus
514,509,502,494,Lulus
514,509,502,494,Lulus
514,509,502,494,Tidak Lulus
514,509,502,494,Lulus
514,509,502,494,Lulus
515,509,502,494,Tidak Lulus
515,509,502,494,Lulus
515,509,503,494,Tidak Lulus
515,509,503,494,Lulus
515,509,503,494,Lulus
515,509,503,494,Lulus
515,509,503,494,Lulus
515,509,503,494,Lulus
515,509,503,494,Lulus
515,509,503,495,Lulus
515,509,503,495,Lulus
515,509,503,495,Lulus
515,509,503,495,Lulus
515,509,503,495,Lulus
515,509,503,495,Lulus
515,509,503,495,Lulus
515,509,503,495,Lulus
515,509,503,495,Lulus
515,510,503,495,Lulus
515,510,504,495,Lulus
515,510,504,495,Lulus
515,510,504,495,Lulus
515,510,504,495,Lulus
515,510,504,495,Tidak Lulus
515,510,504,495,Lulus
515,510,504,495,Lulus
515,510,504,495,Tidak Lulus
515,510,504,495,Lulus
516,510,504,495,Lulus
516,510,504,495,Lulus
516,510,504,495,Lulus
516,510,504,496,Lulus
516,510,504,496,Lulus
516,510,504,496,Lulus
516,510,504,496,Lulus
516,510,505,496,Tidak Lulus
516,510,505,496,Lulus
516,510,505,496,Lulus
516,511,505,496,Lulus
516,511,505,496,Lulus
516,511,505,496,Lulus
516,511,505,496,Tidak Lulus
516,511,505,496,Lulus
516,511,505,496,Tidak Lulus
516,511,505,496,Lulus
516,511,505,496,Lulus
516,511,505,496,Lulus
517,511,505,496,Tidak Lulus
517,511,505,496,Lulus
517,511,505,496,Lulus
517,511,505,496,Lulus
517,511,505,497,Lulus
517,511,506,497,Lulus
517,511,506,497,Lulus
517,511,506,497,Lulus
517,511,506,497,Tidak Lulus
517,511,506,497,Lulus
517,511,506,497,Lulus
517,512,506,497,Lulus
517,512,506,497,Lulus
517,512,506,497,Lulus
517,512,506,497,Tidak Lulus
518,512,506,497,Lulus
518,512,506,497,Lulus
518,512,506,497,Tidak Lulus
518,512,506,497,Lulus
518,512,506,497,Lulus
518,512,507,497,Lulus
518,512,507,497,Tidak Lulus
518,512,507,497,Lulus
518,512,507,497,Lulus
518,512,507,497,Lulus
518,512,507,497,Lulus
518,512,507,497,Lulus
518,512,507,497,Tidak Lulus
518,512,507,497,Tidak Lulus
518,512,507,497,Lulus
518,512,507,497,Lulus
518,512,507,498,Tidak Lulus
518,513,507,498,Lulus
518,513,507,498,Tidak Lulus
518,513,508,498,Lulus
518,513,508,498,Tidak Lulus
518,513,508,498,Lulus
518,513,508,498,Lulus
518,513,508,498,Lulus
519,513,508,498,Lulus
519,513,508,498,Lulus
519,513,508,498,Lulus
519,513,508,498,Lulus
519,513,509,498,Lulus
519,513,509,498,Lulus
519,513,509,498,Lulus
519,513,509,498,Lulus
519,513,509,498,Lulus
519,513,509,498,Lulus
519,513,509,498,Lulus
519,513,509,498,Lulus
519,513,509,499,Lulus
519,513,509,499,Tidak Lulus
519,514,509,499,Lulus
519,514,509,499,Lulus
519,514,509,499,Lulus
519,514,509,499,Lulus
520,514,509,499,Tidak Lulus
520,514,509,499,Tidak Lulus
520,514,509,499,Tidak Lulus
520,514,509,499,Lulus
520,514,509,499,Lulus
520,514,509,499,Lulus
520,514,509,499,Lulus
520,514,509,499,Lulus
520,514,509,500,Lulus
520,514,509,500,Lulus
520,514,509,500,Lulus
520,514,509,500,Lulus
520,514,509,500,Tidak Lulus
520,515,509,500,Tidak Lulus
520,515,509,500,Lulus
520,515,510,500,Tidak Lulus
520,515,510,500,Lulus
521,515,510,500,Lulus
521,515,510,500,Lulus
521,515,510,500,Tidak Lulus
521,515,510,500,Lulus
521,515,510,500,Lulus
521,515,510,500,Tidak Lulus
521,515,510,500,Lulus
521,515,510,501,Lulus
521,515,510,501,Lulus
521,515,510,501,Lulus
521,515,510,501,Tidak Lulus
521,515,510,501,Lulus
521,515,510,501,Lulus
521,515,510,501,Tidak Lulus
521,515,510,501,Lulus
521,515,510,501,Lulus
521,515,510,501,Lulus
521,515,511,501,Lulus
521,516,511,501,Lulus
521,516,511,501,Tidak Lulus
522,516,511,501,Lulus
522,516,511,501,Lulus
522,516,511,501,Lulus
522,516,511,501,Lulus
522,516,511,501,Lulus
522,516,511,501,Tidak Lulus
522,516,511,501,Lulus
522,516,511,502,Tidak Lulus
522,516,511,502,Lulus
522,516,511,502,Lulus
522,516,511,502,Lulus
522,516,511,502,Tidak Lulus
522,516,511,502,Lulus
522,516,511,502,Lulus
522,516,511,502,Tidak Lulus
522,516,511,502,Lulus
522,516,511,502,Lulus
522,516,512,502,Lulus
522,517,512,502,Lulus
522,517,512,502,Lulus
522,517,512,502,Lulus
522,517,512,502,Lulus
522,517,512,502,Lulus
522,517,512,502,Lulus
522,517,512,502,Lulus
523,517,512,502,Lulus
523,517,512,502,Lulus
523,517,512,502,Lulus
523,517,512,502,Tidak Lulus
523,517,512,502,Tidak Lulus
523,517,512,503,Lulus
523,517,512,503,Lulus
523,517,512,503,Lulus
523,517,512,503,Lulus
523,517,512,503,Tidak Lulus
523,517,512,503,Tidak Lulus
523,517,512,503,Lulus
523,517,512,503,Lulus
523,517,512,503,Lulus
523,517,512,503,Tidak Lulus
523,517,512,503,Lulus
523,517,512,503,Tidak Lulus
523,517,512,503,Tidak Lulus
523,518,513,503,Lulus
523,518,513,504,Lulus
523,518,513,504,Lulus
523,518,513,504,Lulus
523,518,513,504,Tidak Lulus
523,518,513,504,Lulus
524,518,513,504,Lulus
524,518,513,504,Lulus
524,518,513,504,Lulus
524,518,513,504,Lulus
524,518,513,504,Lulus
524,518,513,504,Tidak Lulus
524,518,513,504,Lulus
524,518,513,504,Lulus
524,518,513,504,Lulus
524,518,513,504,Lulus
524,518,513,504,Lulus
525,519,513,504,Tidak Lulus
525,519,513,504,Tidak Lulus
525,519,513,504,Lulus
525,519,513,504,Lulus
525,519,514,504,Lulus
525,519,514,504,Lulus
525,519,514,504,Lulus
525,519,514,504,Lulus
525,519,514,504,Lulus
525,519,514,504,Tidak Lulus
525,519,514,504,Lulus
525,519,514,505,Lulus
525,519,514,505,Lulus
525,519,514,505,Tidak Lulus
525,519,514,505,Lulus
525,519,514,505,Lulus
525,519,514,505,Lulus
525,519,514,505,Lulus
525,519,514,505,Lulus
525,519,514,505,Lulus
526,519,514,505,Lulus
526,519,515,505,Lulus
526,519,515,505,Lulus
526,519,515,506,Tidak Lulus
526,519,515,506,Lulus
526,519,515,506,Lulus
526,519,516,506,Lulus
526,519,516,506,Lulus
526,519,516,506,Lulus
526,519,516,506,Tidak Lulus
526,519,516,506,Lulus
526,520,516,506,Lulus
526,520,516,506,Lulus
526,520,516,506,Lulus
526,520,516,506,Lulus
527,520,516,506,Tidak Lulus
527,520,516,506,Lulus
527,520,516,506,Lulus
527,520,516,506,Lulus
527,520,516,506,Lulus
527,520,516,506,Lulus
527,520,516,506,Lulus
527,520,516,506,Tidak Lulus
527,520,516,506,Tidak Lulus
527,520,517,506,Tidak Lulus
527,520,517,506,Lulus
527,520,517,506,Tidak Lulus
527,520,517,506,Lulus
527,520,517,506,Lulus
527,520,517,507,Lulus
527,520,517,507,Lulus
527,520,517,507,Lulus
527,520,517,507,Lulus
527,520,517,507,Lulus
527,520,517,507,Lulus
527,520,517,507,Lulus
528,520,517,507,Lulus
528,520,517,507,Lulus
528,520,517,507,Lulus
528,520,517,507,Lulus
528,520,518,507,Lulus
528,521,518,507,Lulus
528,521,518,507,Tidak Lulus
528,521,518,507,Lulus
528,521,518,507,Lulus
528,521,518,507,Lulus
528,521,518,507,Lulus
528,521,518,507,Tidak Lulus
528,521,518,507,Lulus
528,521,518,507,Lulus
528,521,518,507,Tidak Lulus
528,521,518,507,Tidak Lulus
528,521,518,508,Lulus
528,521,518,508,Lulus
528,521,518,508,Lulus
528,521,518,508,Lulus
528,521,518,508,Tidak Lulus
528,521,518,508,Lulus
528,521,519,508,Lulus
528,522,519,508,Lulus
529,522,519,508,Lulus
529,522,519,508,Lulus
529,522,519,508,Lulus
529,522,519,508,Lulus
529,522,519,508,Lulus
529,522,519,508,Lulus
529,522,519,508,Tidak Lulus
529,522,519,509,Lulus
529,522,519,509,Lulus
529,522,519,509,Lulus
529,522,520,509,Lulus
529,522,520,509,Lulus
529,522,520,509,Lulus
529,522,520,509,Lulus
529,522,520,509,Lulus
529,522,520,509,Lulus
529,522,520,509,Tidak Lulus
529,522,520,509,Lulus
529,522,520,509,Lulus
529,522,520,509,Lulus
529,522,520,509,Lulus
529,522,520,509,Lulus
529,522,520,509,Lulus
529,522,521,509,Lulus
530,522,521,509,Lulus
530,523,521,509,Lulus
530,523,521,509,Lulus
530,523,521,509,Tidak Lulus
530,523,521,510,Tidak Lulus
530,523,521,510,Lulus
530,523,521,510,Lulus
530,523,521,510,Lulus
530,523,521,510,Lulus
530,523,521,510,Lulus
530,523,521,510,Lulus
530,523,521,510,Lulus
530,523,521,510,Lulus
530,523,521,510,Lulus
531,523,521,510,Tidak Lulus
531,523,521,510,Lulus
531,523,522,510,Tidak Lulus
531,523,522,510,Lulus
531,523,522,510,Lulus
531,523,522,510,Lulus
531,523,522,510,Lulus
531,523,522,510,Tidak Lulus
531,524,522,510,Lulus
531,524,522,511,Lulus
531,524,522,511,Lulus
531,524,522,511,Lulus
531,524,522,511,Lulus
531,524,522,511,Lulus
531,524,522,511,Lulus
531,524,522,511,Lulus
531,524,522,511,Lulus
532,524,522,511,Lulus
532,524,522,511,Lulus
532,524,522,511,Lulus
532,524,522,511,Lulus
532,524,523,511,Lulus
532,524,523,511,Lulus
532,524,523,511,Lulus
532,524,523,511,Tidak Lulus
532,524,523,511,Lulus
532,524,523,512,Lulus
532,524,523,512,Lulus
532,524,523,512,Lulus
532,524,523,512,Lulus
532,524,523,512,Tidak Lulus
532,524,523,512,Lulus
532,525,523,512,Lulus
532,525,523,512,Tidak Lulus
532,525,523,512,Lulus
532,525,523,512,Lulus
532,525,523,512,Lulus
532,525,523,512,Lulus
532,525,523,512,Lulus
532,525,523,512,Lulus
532,525,523,512,Lulus
532,525,523,512,Lulus
532,525,524,512,Lulus
532,525,524,512,Lulus
533,525,524,512,Lulus
533,525,524,512,Tidak Lulus
533,525,524,512,Lulus
533,525,524,512,Tidak Lulus
533,526,524,513,Lulus
533,526,524,513,Tidak Lulus
533,526,524,513,Lulus
533,526,524,513,Tidak Lulus
533,526,524,513,Lulus
533,526,524,513,Lulus
533,526,524,513,Tidak Lulus
533,526,524,513,Lulus
533,526,524,513,Lulus
533,526,524,513,Lulus
533,526,524,513,Lulus
533,526,524,513,Lulus
533,526,524,513,Lulus
533,526,525,513,Lulus
534,526,525,513,Lulus
534,526,525,513,Lulus
534,526,525,513,Tidak Lulus
534,526,525,513,Lulus
534,526,525,513,Lulus
534,526,525,513,Lulus
534,526,525,513,Lulus
534,526,525,513,Lulus
534,526,525,513,Lulus
534,526,525,513,Lulus
534,526,525,513,Lulus
534,526,525,514,Lulus
534,526,525,514,Lulus
534,526,525,514,Lulus
534,526,525,514,Tidak Lulus
534,526,525,514,Lulus
534,526,526,514,Lulus
534,526,526,514,Lulus
534,526,526,514,Tidak Lulus
534,526,526,514,Lulus
534,526,526,514,Lulus
534,526,526,514,Lulus
534,527,526,514,Lulus
534,527,526,514,Lulus
535,527,526,514,Lulus
535,527,526,514,Tidak Lulus
535,527,526,514,Lulus
535,527,526,514,Lulus
535,527,526,514,Lulus
535,527,526,514,Lulus
535,527,526,514,Tidak Lulus
535,527,526,514,Lulus
535,527,526,514,Lulus
535,527,526,514,Tidak Lulus
535,527,526,514,Lulus
535,527,526,515,Lulus
535,527,526,515,Tidak Lulus
535,527,527,515,Tidak Lulus
535,527,527,515,Tidak Lulus
535,527,527,515,Lulus
535,527,527,515,Tidak Lulus
535,527,527,515,Lulus
535,527,527,515,Tidak Lulus
535,527,527,515,Lulus
535,527,527,515,Tidak Lulus
535,528,527,515,Tidak Lulus
536,528,527,515,Lulus
536,528,527,515,Lulus
536,528,527,515,Tidak Lulus
536,528,527,515,Lulus
536,528,527,515,Lulus
536,528,527,515,Lulus
536,528,527,515,Lulus
536,528,527,515,Lulus
536,528,527,515,Lulus
536,528,527,515,Lulus
536,528,527,516,Lulus
536,528,527,516,Tidak Lulus
536,528,527,516,Lulus
536,528,528,516,Tidak Lulus
536,528,528,516,Lulus
537,528,528,516,Tidak Lulus
537,529,528,516,Tidak Lulus
537,529,528,516,Lulus
537,529,528,516,Lulus
537,529,528,516,Lulus
537,529,528,516,Lulus
537,529,528,516,Lulus
537,529,528,516,Lulus
537,529,528,516,Tidak Lulus
537,529,529,516,Lulus
537,529,529,516,Tidak Lulus
537,529,529,516,Lulus
537,529,529,516,Lulus
537,529,529,516,Lulus
537,529,529,516,Lulus
537,529,529,516,Lulus
537,529,529,516,Tidak Lulus
537,529,529,516,Lulus
537,529,529,516,Lulus
537,529,529,516,Tidak Lulus
537,529,529,516,Lulus
537,529,529,516,Lulus
537,529,529,516,Lulus
537,529,529,516,Lulus
538,530,530,516,Lulus
538,530,530,517,Lulus
538,530,530,517,Lulus
538,530,530,517,Lulus
538,530,530,517,Tidak Lulus
538,530,530,517,Lulus
538,530,530,517,Lulus
538,530,530,517,Lulus
538,530,530,517,Tidak Lulus
538,530,530,517,Lulus
538,530,530,517,Tidak Lulus
538,530,530,517,Lulus
538,530,530,517,Lulus
538,530,530,518,Lulus
538,530,530,518,Lulus
538,530,530,518,Tidak Lulus
538,530,530,518,Tidak Lulus
538,530,530,518,Lulus
538,530,530,518,Lulus
538,530,530,518,Lulus
538,530,530,518,Lulus
538,530,530,518,Tidak Lulus
538,530,531,518,Tidak Lulus
538,530,531,518,Lulus
539,530,531,518,Lulus
539,530,531,518,Lulus
539,530,531,518,Lulus
539,530,531,518,Tidak Lulus
539,531,532,518,Lulus
539,531,532,518,Lulus
539,531,532,518,Lulus
539,531,532,518,Lulus
539,531,532,518,Lulus
539,531,532,518,Lulus
539,531,532,518,Lulus
539,531,532,519,Lulus
539,531,532,519,Lulus
539,531,532,519,Tidak Lulus
539,531,532,519,Lulus
539,531,532,519,Lulus
539,531,532,519,Tidak Lulus
539,531,532,519,Lulus
539,531,532,519,Lulus
539,531,532,519,Lulus
539,531,532,519,Tidak Lulus
540,531,532,519,Lulus
540,532,532,519,Lulus
540,532,533,519,Lulus
540,532,533,520,Lulus
540,532,533,520,Lulus
540,532,533,520,Lulus
540,532,533,520,Tidak Lulus
540,532,533,520,Lulus
540,532,533,520,Lulus
540,532,533,520,Lulus
540,532,533,520,Tidak Lulus
540,532,533,520,Lulus
540,532,533,520,Lulus
540,532,533,520,Lulus
540,532,533,520,Lulus
541,532,534,520,Tidak Lulus
541,532,534,520,Lulus
541,532,534,520,Lulus
541,532,534,520,Tidak Lulus
541,532,534,520,Lulus
541,532,534,520,Lulus
541,533,534,520,Lulus
541,533,534,520,Lulus
541,533,534,520,Lulus
541,533,534,520,Lulus
541,533,534,521,Tidak Lulus
541,533,535,521,Lulus
541,533,535,521,Lulus
541,533,535,521,Lulus
541,533,535,521,Tidak Lulus
541,533,535,521,Lulus
541,533,535,521,Lulus
541,533,535,521,Lulus
542,533,535,521,Lulus
542,533,535,521,Lulus
542,533,536,521,Lulus
542,533,536,521,Tidak Lulus
542,533,536,521,Lulus
542,533,536,521,Lulus
542,533,536,521,Lulus
542,533,536,521,Lulus
542,533,536,521,Lulus
542,534,536,521,Tidak Lulus
542,534,536,521,Tidak Lulus
542,534,536,521,Lulus
542,534,536,521,Lulus
542,534,536,521,Tidak Lulus
542,534,536,521,Lulus
542,534,536,521,Lulus
542,534,536,521,Lulus
543,534,537,521,Lulus
543,534,537,521,Lulus
543,534,537,521,Tidak Lulus
543,534,537,521,Tidak Lulus
543,534,537,521,Lulus
543,534,537,522,Lulus
543,534,537,522,Lulus
543,534,537,522,Lulus
543,534,537,522,Lulus
543,534,537,522,Lulus
543,534,537,522,Lulus
543,534,537,522,Lulus
543,534,537,522,Lulus
543,534,537,522,Lulus
543,534,537,522,Lulus
543,534,537,522,Lulus
543,535,537,522,Lulus
543,535,537,523,Lulus
543,535,538,523,Lulus
544,535,538,523,Tidak Lulus
544,535,538,523,Lulus
544,535,538,523,Lulus
544,535,538,523,Lulus
544,535,538,523,Tidak Lulus
544,535,538,523,Lulus
544,535,538,523,Lulus
544,535,538,523,Lulus
544,535,538,523,Lulus
544,535,538,523,Lulus
544,535,538,523,Lulus
544,535,538,523,Lulus
544,535,538,523,Lulus
544,535,538,523,Tidak Lulus
544,535,538,523,Lulus
544,535,539,523,Lulus
544,535,539,523,Lulus
544,535,539,523,Lulus
545,535,539,523,Lulus
545,535,539,523,Lulus
545,535,539,523,Lulus
545,535,539,523,Lulus
545,535,539,523,Tidak Lulus
545,535,539,523,Lulus
545,535,539,523,Lulus
545,535,539,523,Tidak Lulus
545,536,539,524,Tidak Lulus
545,536,539,524,Tidak Lulus
545,536,539,524,Lulus
545,536,539,524,Lulus
545,536,539,524,Lulus
545,536,539,524,Lulus
545,536,539,524,Lulus
545,536,539,524,Tidak Lulus
545,536,539,524,Tidak Lulus
545,536,540,524,Lulus
545,536,540,524,Tidak Lulus
545,536,540,524,Lulus
545,536,540,524,Tidak Lulus
546,536,540,524,Lulus
546,536,540,524,Lulus
546,536,540,524,Lulus
546,537,540,524,Lulus
546,537,540,525,Lulus
546,537,540,525,Lulus
546,537,540,525,Lulus
546,537,540,525,Lulus
546,537,540,525,Lulus
546,537,540,525,Lulus
546,537,540,525,Tidak Lulus
546,537,541,525,Lulus
546,537,541,525,Lulus
546,537,541,525,Lulus
546,537,541,525,Lulus
546,537,541,525,Lulus
546,537,541,525,Tidak Lulus
546,537,541,525,Lulus
546,538,541,525,Lulus
546,538,541,525,Tidak Lulus
546,538,541,525,Lulus
546,538,541,526,Lulus
546,538,542,526,Lulus
546,538,542,526,Lulus
546,538,542,526,Tidak Lulus
546,538,542,526,Lulus
546,538,542,526,Lulus
546,538,542,526,Tidak Lulus
546,538,542,526,Tidak Lulus
547,538,542,526,Tidak Lulus
547,538,542,526,Lulus
547,539,542,526,Tidak Lulus
547,539,542,526,Lulus
547,539,542,526,Lulus
547,539,542,526,Lulus
547,539,542,526,Lulus
547,539,542,526,Lulus
547,539,543,527,Lulus
547,539,543,527,Lulus
547,539,543,527,Tidak Lulus
548,539,543,527,Lulus
548,539,543,527,Lulus
548,539,543,527,Lulus
548,539,543,527,Lulus
548,539,543,527,Tidak Lulus
548,539,543,527,Lulus
548,539,543,527,Lulus
548,539,544,527,Lulus
548,539,544,527,Tidak Lulus
548,539,544,527,Lulus
548,539,544,527,Lulus
548,539,544,527,Lulus
549,539,544,527,Lulus
549,540,544,527,Lulus
549,540,544,527,Lulus
549,540,544,527,Tidak Lulus
549,540,544,527,Lulus
549,540,544,528,Lulus
549,540,544,528,Lulus
549,540,544,528,Lulus
549,540,544,528,Lulus
550,540,544,528,Lulus
550,540,545,528,Tidak Lulus
550,540,545,528,Lulus
550,540,545,528,Lulus
550,540,545,528,Lulus
550,540,545,528,Lulus
550,540,545,528,Lulus
550,540,545,528,Lulus
550,540,545,528,Lulus
550,540,545,528,Lulus
550,540,545,529,Lulus
550,540,545,529,Lulus
550,540,545,529,Lulus
550,540,545,529,Lulus
550,540,545,529,Lulus
550,540,546,529,Lulus
550,540,546,529,Lulus
551,540,546,529,Lulus
551,540,546,529,Lulus
551,541,546,529,Lulus
551,541,546,529,Lulus
551,541,546,529,Lulus
551,541,546,529,Lulus
551,541,546,529,Lulus
551,541,546,529,Tidak Lulus
551,541,546,529,Lulus
551,541,546,529,Lulus
551,541,546,529,Lulus
551,541,547,529,Lulus
551,541,547,530,Lulus
551,541,547,530,Lulus
551,541,547,530,Tidak Lulus
551,541,547,530,Lulus
551,541,547,530,Lulus
551,541,547,530,Lulus
551,541,547,530,Lulus
551,541,547,530,Lulus
551,541,547,530,Lulus
551,541,547,530,Lulus
552,541,547,530,Tidak Lulus
552,541,547,530,Lulus
552,541,547,530,Tidak Lulus
552,541,547,530,Lulus
552,541,547,531,Lulus
552,541,547,531,Lulus
552,541,547,531,Lulus
552,542,548,531,Lulus
552,542,548,531,Lulus
552,542,548,531,Lulus
552,542,548,531,Tidak Lulus
552,542,548,531,Lulus
552,542,548,531,Lulus
552,542,548,531,Lulus
552,542,548,531,Lulus
552,542,548,531,Lulus
552,542,548,531,Lulus
552,542,548,531,Lulus
552,542,548,531,Lulus
552,542,548,531,Tidak Lulus
552,542,548,531,Tidak Lulus
553,543,548,531,Lulus
553,543,548,531,Lulus
553,543,548,531,Lulus
553,543,549,531,Lulus
553,543,549,531,Lulus
553,543,549,531,Lulus
553,543,549,531,Lulus
553,543,549,532,Lulus
553,543,549,532,Lulus
553,543,549,532,Lulus
553,543,549,532,Tidak Lulus
553,543,549,532,Tidak Lulus
553,543,549,532,Lulus
553,543,549,532,Lulus
553,543,550,532,Lulus
553,543,550,532,Lulus
553,543,550,532,Tidak Lulus
553,543,550,532,Lulus
554,543,550,532,Tidak Lulus
554,543,550,532,Lulus
554,543,550,532,Tidak Lulus
554,543,550,532,Lulus
554,543,550,532,Tidak Lulus
554,543,550,532,Tidak Lulus
554,543,550,532,Tidak Lulus
554,543,550,532,Lulus
554,543,550,532,Tidak Lulus
554,543,550,532,Lulus
554,543,550,533,Lulus
554,543,550,533,Lulus
554,543,550,533,Tidak Lulus
554,544,550,533,Lulus
554,544,550,533,Lulus
554,544,550,533,Lulus
554,544,550,533,Lulus
554,544,550,533,Lulus
554,544,551,533,Lulus
555,544,551,533,Lulus
555,544,551,533,Lulus
555,544,551,533,Lulus
555,544,551,533,Lulus
555,544,551,533,Tidak Lulus
555,544,551,533,Tidak Lulus
555,544,551,533,Lulus
555,544,551,533,Lulus
555,544,551,533,Lulus
555,544,551,533,Tidak Lulus
555,544,552,534,Tidak Lulus
555,544,552,534,Lulus
556,544,552,534,Lulus
556,544,552,534,Lulus
556,545,552,534,Lulus
556,545,552,534,Tidak Lulus
556,545,552,534,Lulus
556,545,552,534,Lulus
556,545,552,534,Lulus
556,545,552,534,Lulus
556,545,552,534,Lulus
556,545,552,534,Tidak Lulus
556,545,552,534,Lulus
556,545,552,534,Lulus
556,545,552,535,Lulus
556,545,552,535,Tidak Lulus
557,545,552,535,Lulus
557,545,552,535,Lulus
557,545,553,535,Lulus
557,545,553,535,Tidak Lulus
557,545,553,535,Lulus
557,545,553,535,Lulus
557,545,553,535,Tidak Lulus
557,546,553,535,Lulus
557,546,553,535,Lulus
557,546,553,535,Tidak Lulus
557,546,553,535,Lulus
557,546,553,535,Lulus
557,546,553,536,Lulus
557,546,553,536,Lulus
557,546,553,536,Lulus
557,546,554,536,Lulus
557,546,554,536,Tidak Lulus
557,546,554,536,Lulus
557,546,554,536,Lulus
557,546,554,536,Tidak Lulus
557,546,554,536,Lulus
557,546,554,536,Lulus
557,547,554,536,Tidak Lulus
557,547,554,536,Lulus
557,547,554,536,Lulus
557,547,554,536,Lulus
558,547,554,536,Tidak Lulus
558,547,554,536,Lulus
558,547,554,536,Lulus
558,547,554,536,Lulus
558,547,554,536,Lulus
558,547,555,536,Lulus
558,547,555,536,Tidak Lulus
558,547,555,537,Lulus
558,547,555,537,Tidak Lulus
558,547,555,537,Tidak Lulus
558,547,555,537,Lulus
558,547,555,537,Lulus
558,547,555,537,Lulus
558,547,555,537,Lulus
558,547,555,537,Tidak Lulus
558,547,555,537,Lulus
558,547,555,537,Tidak Lulus
558,547,555,537,Tidak Lulus
558,547,555,537,Lulus
558,548,556,537,Lulus
558,548,556,537,Tidak Lulus
558,548,556,537,Tidak Lulus
559,548,556,538,Lulus
559,548,556,538,Lulus
559,548,556,538,Lulus
559,548,556,538,Lulus
559,548,556,538,Lulus
559,548,556,538,Tidak Lulus
559,548,556,538,Lulus
559,548,556,538,Tidak Lulus
559,548,556,538,Lulus
559,548,557,538,Tidak Lulus
559,548,557,538,Lulus
559,548,557,538,Lulus
559,548,557,538,Lulus
559,548,557,538,Lulus
559,548,557,538,Lulus
559,548,557,538,Lulus
559,548,557,538,Lulus
559,548,557,538,Tidak Lulus
559,548,557,538,Lulus
559,548,557,538,Tidak Lulus
559,549,557,538,Lulus
559,549,557,538,Lulus
559,549,557,538,Tidak Lulus
559,549,557,538,Lulus
559,549,558,538,Lulus
560,549,558,538,Lulus
560,549,558,538,Lulus
560,549,558,538,Tidak Lulus
560,549,558,538,Lulus
560,549,558,539,Lulus
560,549,558,539,Tidak Lulus
560,549,558,539,Tidak Lulus
560,549,558,539,Lulus
560,549,558,539,Lulus
560,549,558,539,Lulus
560,550,558,539,Lulus
560,550,558,539,Lulus
560,550,558,539,Tidak Lulus
560,550,558,539,Lulus
561,550,558,539,Tidak Lulus
561,550,558,539,Lulus
561,550,558,539,Lulus
561,550,558,539,Lulus
561,550,558,539,Lulus
561,550,559,539,Tidak Lulus
561,550,559,539,Lulus
561,550,559,539,Lulus
561,550,559,539,Lulus
561,550,559,539,Lulus
561,550,559,539,Lulus
561,550,559,539,Lulus
561,550,559,539,Lulus
561,550,559,540,Lulus
561,550,559,540,Lulus
561,550,560,540,Lulus
561,550,560,540,Lulus
561,550,560,540,Lulus
561,550,560,540,Lulus
561,550,560,540,Lulus
561,551,560,540,Lulus
562,551,560,540,Lulus
562,551,560,540,Lulus
562,551,560,540,Lulus
562,551,560,540,Lulus
562,551,560,540,Tidak Lulus
562,551,560,540,Lulus
562,551,560,540,Lulus
562,551,560,541,Tidak Lulus
562,551,560,541,Lulus
562,551,560,541,Lulus
562,551,561,541,Lulus
562,551,561,541,Lulus
562,551,561,541,Tidak Lulus
562,551,561,541,Lulus
563,551,561,541,Lulus
563,551,561,541,Lulus
563,551,561,541,Lulus
563,551,561,541,Lulus
563,551,561,541,Lulus
563,551,561,541,Lulus
563,552,561,541,Lulus
563,552,561,541,Tidak Lulus
563,552,562,541,Lulus
563,552,562,541,Lulus
563,552,562,541,Lulus
563,552,562,541,Lulus
563,552,562,541,Lulus
563,552,562,541,Tidak Lulus
563,552,562,541,Tidak Lulus
563,552,562,541,Lulus
563,552,562,541,Lulus
563,552,562,541,Lulus
563,552,562,542,Lulus
563,552,562,542,Lulus
563,552,562,542,Tidak Lulus
564,552,562,542,Lulus
564,552,562,542,Lulus
564,553,562,542,Lulus
564,553,563,542,Lulus
564,553,563,542,Lulus
564,553,563,542,Lulus
564,553,563,542,Lulus
564,553,563,542,Lulus
564,553,563,542,Lulus
564,553,563,542,Lulus
564,553,563,543,Lulus
564,553,563,543,Lulus
564,553,563,543,Lulus
564,553,563,543,Lulus
564,553,563,543,Tidak Lulus
565,553,564,543,Lulus
565,553,564,543,Lulus
565,553,564,543,Lulus
565,553,564,543,Tidak Lulus
565,553,564,543,Tidak Lulus
565,553,564,543,Tidak Lulus
565,553,564,543,Lulus
565,553,564,543,Tidak Lulus
565,553,564,543,Lulus
565,553,564,543,Lulus
565,553,564,543,Lulus
565,554,564,543,Tidak Lulus
565,554,564,543,Lulus
565,554,564,543,Lulus
565,554,564,543,Lulus
565,554,564,543,Lulus
565,554,564,543,Lulus
566,554,564,543,Lulus
566,554,564,543,Tidak Lulus
566,554,564,543,Lulus
566,554,564,544,Tidak Lulus
566,554,564,544,Lulus
566,554,564,544,Lulus
566,554,564,544,Lulus
566,554,565,544,Lulus
566,554,565,544,Lulus
566,554,565,544,Lulus
566,554,565,544,Lulus
566,554,565,545,Lulus
566,554,565,545,Lulus
566,554,565,545,Lulus
566,554,565,545,Lulus
566,554,565,545,Lulus
566,554,565,545,Lulus
566,555,565,545,Tidak Lulus
566,555,565,545,Lulus
567,555,565,545,Lulus
567,555,565,545,Lulus
567,555,565,545,Lulus
567,555,566,545,Tidak Lulus
567,555,566,545,Tidak Lulus
567,555,566,545,Lulus
567,555,566,545,Lulus
567,555,566,545,Tidak Lulus
567,555,566,545,Lulus
567,555,566,545,Tidak Lulus
567,555,566,545,Lulus
567,555,566,546,Lulus
568,555,566,546,Tidak Lulus
568,555,566,546,Tidak Lulus
568,555,566,546,Lulus
568,555,566,546,Tidak Lulus
568,555,566,546,Tidak Lulus
568,555,566,546,Tidak Lulus
568,555,566,546,Tidak Lulus
568,555,566,546,Lulus
568,556,567,546,Lulus
568,556,567,546,Lulus
568,556,567,546,Lulus
568,556,567,546,Lulus
569,556,567,546,Lulus
569,556,567,547,Lulus
569,556,567,547,Lulus
569,556,567,547,Tidak Lulus
569,556,567,547,Lulus
569,556,567,547,Tidak Lulus
569,556,567,547,Lulus
569,556,567,547,Lulus
569,556,567,547,Tidak Lulus
569,556,567,547,Lulus
569,556,567,547,Lulus
570,556,568,547,Tidak Lulus
570,556,568,547,Tidak Lulus
570,556,568,548,Lulus
570,556,568,548,Lulus
570,557,568,548,Lulus
570,557,568,548,Lulus
570,557,568,548,Lulus
570,557,568,548,Lulus
570,557,568,548,Lulus
570,557,568,548,Tidak Lulus
570,557,568,548,Lulus
570,557,568,548,Tidak Lulus
570,557,568,548,Lulus
570,557,568,548,Lulus
570,557,568,548,Tidak Lulus
570,557,568,549,Tidak Lulus
570,557,568,549,Lulus
570,557,568,549,Lulus
570,557,568,549,Tidak Lulus
570,557,568,549,Lulus
571,557,568,549,Lulus
571,557,569,549,Lulus
571,557,569,549,Lulus
571,557,569,549,Tidak Lulus
571,557,569,549,Lulus
571,557,569,549,Lulus
571,558,569,549,Lulus
571,558,569,549,Lulus
571,558,569,549,Lulus
571,558,569,549,Lulus
571,558,569,549,Tidak Lulus
571,558,569,549,Lulus
571,558,569,549,Lulus
571,558,569,549,Lulus
571,558,569,550,Lulus
571,558,569,550,Tidak Lulus
571,558,569,550,Lulus
571,558,569,550,Lulus
571,558,569,550,Tidak Lulus
571,558,570,550,Lulus
571,558,570,550,Lulus
571,558,570,550,Lulus
572,558,570,550,Tidak Lulus
572,558,570,550,Lulus
572,558,570,550,Tidak Lulus
572,559,570,550,Lulus
572,559,570,550,Lulus
572,559,570,550,Lulus
572,559,570,550,Lulus
572,559,570,551,Lulus
572,559,570,551,Lulus
572,559,570,551,Tidak Lulus
572,559,571,551,Lulus
572,559,571,551,Lulus
572,559,571,551,Lulus
572,559,571,551,Lulus
572,559,571,552,Lulus
572,559,571,552,Lulus
572,559,571,552,Lulus
572,559,571,552,Lulus
572,559,571,552,Lulus
573,559,571,552,Lulus
573,559,571,552,Lulus
573,559,571,552,Lulus
573,559,571,552,Lulus
573,559,571,552,Lulus
573,559,571,552,Lulus
573,559,571,552,Lulus
573,559,571,552,Lulus
573,560,571,552,Lulus
573,560,571,553,Lulus
573,560,571,553,Lulus
573,560,572,553,Lulus
573,560,572,553,Lulus
573,560,572,553,Tidak Lulus
573,560,572,553,Lulus
573,560,572,553,Lulus
573,560,572,553,Lulus
573,560,572,553,Lulus
573,560,572,553,Lulus
573,560,572,554,Lulus
574,560,572,554,Lulus
574,560,572,554,Lulus
574,560,572,554,Lulus
574,560,572,554,Lulus
574,560,572,554,Tidak Lulus
574,560,572,554,Lulus
574,560,572,554,Lulus
574,560,572,554,Tidak Lulus
574,560,572,554,Lulus
574,560,572,554,Lulus
574,560,573,554,Tidak Lulus
574,560,573,555,Lulus
574,560,573,555,Lulus
574,561,573,555,Lulus
574,561,573,555,Lulus
574,561,573,555,Lulus
575,561,573,555,Lulus
575,561,573,555,Lulus
575,561,573,555,Tidak Lulus
575,561,573,555,Lulus
575,561,573,555,Lulus
575,561,574,555,Lulus
575,561,574,555,Lulus
575,561,574,555,Lulus
575,561,574,555,Lulus
575,561,574,555,Lulus
575,561,574,555,Lulus
575,561,574,556,Tidak Lulus
575,561,574,556,Lulus
575,561,574,556,Lulus
575,561,574,556,Lulus
575,562,574,556,Lulus
575,562,574,556,Lulus
575,562,574,556,Lulus
575,562,574,556,Lulus
576,562,574,556,Lulus
576,562,574,556,Lulus
576,562,574,556,Tidak Lulus
576,562,574,556,Lulus
576,562,574,556,Lulus
576,562,574,556,Lulus
576,562,575,556,Lulus
576,563,575,556,Lulus
576,563,575,556,Tidak Lulus
576,563,575,556,Lulus
576,563,575,556,Lulus
576,563,575,556,Lulus
576,563,575,556,Lulus
576,563,575,556,Lulus
576,563,575,556,Lulus
576,563,575,556,Lulus
577,563,575,557,Lulus
577,563,576,557,Tidak Lulus
577,563,576,557,Lulus
577,564,576,557,Tidak Lulus
577,564,576,557,Lulus
577,564,576,557,Lulus
577,564,576,557,Lulus
577,564,576,557,Lulus
577,564,576,557,Lulus
577,564,576,557,Tidak Lulus
577,564,576,557,Lulus
577,564,576,557,Lulus
577,564,576,557,Lulus
577,564,576,557,Tidak Lulus
577,565,576,557,Lulus
577,565,577,557,Lulus
577,565,577,557,Lulus
577,565,577,557,Lulus
578,565,577,557,Lulus
578,565,577,558,Tidak Lulus
578,565,577,558,Tidak Lulus
578,565,577,558,Lulus
578,565,577,558,Lulus
578,565,578,558,Lulus
578,565,578,558,Lulus
578,565,578,558,Tidak Lulus
578,565,578,558,Lulus
578,565,578,558,Lulus
578,565,578,558,Lulus
578,566,578,558,Tidak Lulus
578,566,578,558,Tidak Lulus
578,566,578,558,Lulus
578,566,578,558,Tidak Lulus
578,566,578,559,Lulus
578,566,578,559,Lulus
579,566,578,559,Lulus
579,566,578,559,Lulus
579,566,578,559,Lulus
579,566,578,559,Lulus
579,566,578,560,Lulus
579,566,578,560,Lulus
579,566,578,560,Tidak Lulus
579,566,578,560,Lulus
579,566,578,560,Lulus
579,566,579,560,Lulus
579,567,579,560,Lulus
579,567,579,560,Tidak Lulus
579,567,579,560,Lulus
579,567,579,560,Lulus
579,567,579,560,Lulus
579,567,579,560,Lulus
579,567,579,560,Tidak Lulus
579,567,579,560,Tidak Lulus
579,567,579,561,Tidak Lulus
580,567,579,561,Lulus
580,567,579,561,Lulus
580,567,579,561,Lulus
580,567,579,561,Lulus
580,567,580,561,Lulus
580,567,580,561,Lulus
580,567,580,561,Lulus
580,567,580,561,Lulus
580,568,580,561,Lulus
580,568,580,561,Lulus
580,568,580,561,Tidak Lulus
580,568,580,561,Lulus
580,568,580,562,Lulus
580,568,580,562,Tidak Lulus
581,568,580,562,Lulus
581,568,580,562,Tidak Lulus
581,568,580,562,Lulus
581,568,580,562,Lulus
581,568,581,562,Lulus
581,569,581,562,Lulus
581,569,581,562,Lulus
581,569,581,563,Lulus
581,569,581,563,Lulus
581,569,581,563,Lulus
581,569,581,563,Lulus
581,569,581,563,Lulus
582,569,581,563,Lulus
582,569,581,563,Lulus
582,569,581,563,Lulus
582,569,581,563,Lulus
582,569,581,563,Tidak Lulus
582,569,581,563,Lulus
582,569,581,563,Lulus
582,570,581,563,Lulus
582,570,581,564,Lulus
582,570,581,564,Lulus
582,570,582,564,Tidak Lulus
582,570,582,564,Lulus
582,570,582,564,Lulus
582,570,582,564,Lulus
582,570,582,564,Lulus
582,570,582,564,Lulus
583,570,582,564,Tidak Lulus
583,570,582,564,Lulus
583,570,582,564,Lulus
583,570,582,565,Lulus
583,570,582,565,Lulus
583,570,582,565,Lulus
583,570,582,565,Lulus
583,571,583,565,Lulus
584,571,583,565,Lulus
584,571,583,565,Lulus
584,571,583,565,Lulus
584,571,583,565,Tidak Lulus
584,571,583,565,Lulus
584,571,583,565,Lulus
584,571,583,565,Lulus
584,571,583,565,Lulus
584,571,584,565,Lulus
584,571,584,565,Lulus
584,571,584,565,Tidak Lulus
584,571,584,565,Tidak Lulus
584,571,584,566,Lulus
584,571,584,566,Lulus
584,571,584,566,Lulus
584,571,584,566,Tidak Lulus
584,572,584,566,Lulus
584,572,584,566,Tidak Lulus
584,572,584,566,Lulus
584,572,584,566,Tidak Lulus
584,572,584,566,Lulus
585,572,584,566,Tidak Lulus
585,572,584,567,Lulus
585,572,585,567,Lulus
585,572,585,567,Lulus
585,572,585,567,Lulus
585,572,585,567,Lulus
585,572,585,567,Lulus
585,572,585,567,Tidak Lulus
585,572,585,568,Tidak Lulus
585,572,585,568,Tidak Lulus
585,572,585,568,Lulus
585,572,585,568,Lulus
585,572,585,568,Lulus
585,572,585,568,Tidak Lulus
585,572,585,568,Lulus
585,572,585,568,Lulus
586,572,585,568,Tidak Lulus
586,572,585,568,Tidak Lulus
586,572,586,568,Lulus
586,572,586,568,Lulus
586,572,586,568,Lulus
586,573,586,568,Lulus
586,573,586,568,Lulus
586,573,586,568,Lulus
586,573,586,568,Lulus
586,573,586,569,Lulus
587,573,586,569,Lulus
587,573,586,569,Lulus
587,573,586,569,Tidak Lulus
587,573,586,569,Lulus
587,573,586,569,Lulus
587,573,586,569,Lulus
587,573,586,569,Lulus
587,573,586,569,Lulus
587,573,586,569,Lulus
588,573,586,569,Lulus
588,573,587,569,Lulus
588,573,587,570,Lulus
588,573,587,570,Lulus
588,573,587,570,Lulus
588,573,587,570,Lulus
588,573,587,570,Lulus
588,573,587,570,Lulus
589,573,587,570,Lulus
589,573,587,570,Tidak Lulus
589,573,588,570,Lulus
589,573,588,570,Tidak Lulus
589,573,588,570,Lulus
589,573,588,571,Tidak Lulus
589,573,588,571,Lulus
589,573,588,571,Lulus
589,574,588,571,Lulus
589,574,588,571,Lulus
589,574,588,571,Tidak Lulus
589,574,588,571,Lulus
589,574,588,571,Lulus
589,574,588,571,Lulus
589,574,588,572,Lulus
590,574,588,572,Lulus
590,574,588,572,Lulus
590,574,588,572,Lulus
590,574,588,572,Lulus
590,574,588,572,Lulus
590,574,588,572,Lulus
590,574,589,572,Tidak Lulus
590,574,589,572,Lulus
590,574,589,572,Lulus
590,574,589,572,Lulus
590,575,589,573,Lulus
590,575,589,573,Lulus
590,575,589,573,Lulus
590,575,589,573,Lulus
591,575,589,573,Lulus
591,575,589,573,Tidak Lulus
591,575,590,573,Tidak Lulus
591,575,590,573,Lulus
591,576,590,573,Lulus
591,576,590,573,Lulus
591,576,590,573,Lulus
591,576,590,573,Tidak Lulus
591,576,590,573,Lulus
591,576,590,573,Lulus
591,576,590,573,Lulus
591,576,590,574,Tidak Lulus
591,576,590,574,Lulus
591,576,590,574,Lulus
592,576,590,574,Lulus
592,576,590,574,Tidak Lulus
592,576,590,574,Lulus
592,576,590,574,Lulus
592,576,591,575,Lulus
592,576,591,575,Lulus
592,576,591,575,Lulus
593,576,591,575,Lulus
593,577,591,575,Lulus
593,577,591,575,Tidak Lulus
593,577,591,575,Lulus
593,577,591,575,Lulus
593,577,591,575,Lulus
593,577,591,575,Lulus
593,577,591,575,Lulus
593,577,591,575,Lulus
593,577,591,575,Lulus
594,577,591,576,Lulus
594,577,591,576,Lulus
594,577,591,576,Lulus
594,577,592,576,Lulus
594,577,592,576,Tidak Lulus
594,577,592,576,Lulus
594,577,592,576,Lulus
594,577,592,576,Lulus
594,577,592,576,Lulus
594,577,592,576,Tidak Lulus
594,578,592,576,Lulus
594,578,592,577,Lulus
594,578,592,577,Lulus
594,578,593,577,Lulus
594,578,593,577,Lulus
594,578,593,577,Tidak Lulus
595,578,593,577,Lulus
595,578,593,577,Lulus
595,578,593,577,Lulus
595,578,594,578,Lulus
595,578,594,578,Tidak Lulus
595,578,594,578,Lulus
595,578,594,578,Lulus
595,578,594,578,Tidak Lulus
595,578,594,578,Lulus
595,578,594,578,Lulus
596,578,594,579,Tidak Lulus
596,579,594,579,Lulus
596,579,594,579,Lulus
596,579,595,579,Lulus
596,579,595,579,Lulus
596,579,595,579,Tidak Lulus
596,579,595,579,Lulus
596,579,595,579,Tidak Lulus
596,579,595,579,Lulus
596,579,595,579,Lulus
596,579,595,579,Lulus
596,580,595,579,Lulus
596,580,596,580,Lulus
596,580,596,580,Lulus
596,580,596,580,Lulus
596,580,596,580,Lulus
597,580,597,580,Lulus
597,580,597,580,Lulus
597,580,597,580,Tidak Lulus
597,580,597,580,Lulus
597,580,597,580,Lulus
597,580,597,580,Tidak Lulus
597,580,597,580,Lulus
597,580,597,580,Lulus
597,580,598,580,Lulus
597,580,598,580,Lulus
597,580,598,580,Lulus
597,580,598,580,Lulus
597,580,598,580,Lulus
597,581,598,580,Lulus
597,581,598,580,Lulus
597,581,598,580,Tidak Lulus
597,581,598,580,Lulus
597,581,598,580,Lulus
597,581,598,580,Lulus
597,581,598,580,Lulus
597,581,598,581,Lulus
597,581,598,581,Lulus
597,581,599,581,Lulus
597,581,599,581,Lulus
597,581,599,581,Tidak Lulus
597,581,599,581,Tidak Lulus
598,581,599,581,Lulus
598,581,599,581,Lulus
598,581,599,581,Tidak Lulus
598,582,599,581,Tidak Lulus
598,582,599,581,Lulus
598,582,599,581,Lulus
598,582,599,581,Lulus
598,582,600,582,Lulus
598,582,600,582,Lulus
598,582,600,582,Lulus
598,582,600,582,Tidak Lulus
598,582,600,582,Lulus
598,582,600,582,Lulus
598,582,600,582,Tidak Lulus
598,582,601,583,Tidak Lulus
599,582,601,583,Tidak Lulus
599,582,601,583,Lulus
599,582,601,583,Lulus
599,582,601,583,Tidak Lulus
599,582,601,583,Lulus
599,583,601,583,Lulus
599,583,601,583,Lulus
599,583,601,583,Lulus
599,583,601,583,Lulus
600,583,602,583,Lulus
600,583,602,583,Tidak Lulus
600,583,602,583,Lulus
600,583,602,583,Tidak Lulus
600,583,602,583,Lulus
600,583,602,583,Lulus
600,583,602,584,Lulus
600,583,602,584,Tidak Lulus
600,583,602,584,Lulus
600,583,603,584,Lulus
600,583,603,584,Lulus
600,583,603,584,Tidak Lulus
600,583,603,584,Lulus
600,584,603,584,Lulus
600,584,603,585,Tidak Lulus
600,584,603,585,Lulus
601,584,603,585,Lulus
601,584,603,585,Lulus
601,584,604,585,Lulus
601,584,604,585,Lulus
601,584,604,585,Lulus
601,585,604,585,Lulus
601,585,604,586,Lulus
601,585,604,586,Lulus
601,585,604,586,Lulus
601,585,604,586,Tidak Lulus
601,585,604,586,Lulus
601,585,604,586,Lulus
602,585,604,586,Lulus
602,586,604,586,Lulus
602,586,604,587,Tidak Lulus
602,586,604,587,Tidak Lulus
602,586,605,587,Tidak Lulus
602,586,605,587,Lulus
602,586,605,587,Lulus
602,586,605,587,Tidak Lulus
602,586,605,587,Lulus
602,586,605,587,Lulus
602,586,605,587,Lulus
602,586,605,587,Lulus
602,586,605,587,Lulus
602,586,605,587,Lulus
602,586,606,587,Tidak Lulus
602,586,606,588,Lulus
602,586,606,588,Lulus
603,587,606,588,Lulus
603,587,606,588,Lulus
603,587,606,588,Lulus
603,587,607,588,Lulus
603,587,607,589,Lulus
603,587,607,589,Lulus
603,588,607,589,Lulus
603,588,607,589,Lulus
603,588,607,589,Lulus
603,588,607,589,Tidak Lulus
604,588,607,589,Lulus
604,588,607,589,Tidak Lulus
604,588,607,589,Tidak Lulus
604,588,608,589,Tidak Lulus
604,588,608,589,Lulus
604,588,608,590,Tidak Lulus
604,588,608,590,Lulus
604,588,608,590,Lulus
604,588,608,590,Lulus
604,589,608,590,Tidak Lulus
605,589,608,590,Tidak Lulus
605,589,608,590,Lulus
605,589,608,590,Tidak Lulus
605,589,608,590,Lulus
605,589,608,590,Lulus
605,589,609,590,Lulus
605,589,609,590,Lulus
605,589,609,590,Lulus
605,589,609,590,Lulus
605,589,609,590,Lulus
605,589,609,591,Lulus
605,589,609,591,Lulus
605,589,609,591,Lulus
606,590,609,591,Lulus
606,590,610,591,Lulus
606,590,610,591,Lulus
606,590,610,592,Lulus
606,590,610,592,Lulus
606,590,610,592,Lulus
606,590,611,592,Tidak Lulus
606,590,611,592,Lulus
606,590,611,592,Lulus
606,590,611,592,Lulus
606,590,611,592,Lulus
606,590,612,592,Lulus
606,590,612,592,Lulus
606,590,612,592,Tidak Lulus
607,590,612,592,Lulus
607,590,612,592,Tidak Lulus
607,590,612,592,Lulus
607,590,612,592,Lulus
607,591,612,593,Tidak Lulus
607,591,612,593,Lulus
607,591,612,593,Lulus
607,591,612,593,Tidak Lulus
607,591,612,594,Lulus
607,591,612,594,Lulus
607,591,612,594,Lulus
608,591,612,594,Lulus
608,592,612,594,Tidak Lulus
608,592,613,594,Lulus
608,592,613,594,Lulus
608,592,613,594,Lulus
608,592,613,594,Lulus
608,592,613,594,Lulus
608,592,613,595,Lulus
608,592,613,595,Tidak Lulus
608,593,613,595,Lulus
608,593,613,595,Lulus
608,593,613,595,Lulus
609,593,614,595,Lulus
609,593,614,595,Lulus
609,593,614,595,Lulus
609,593,614,595,Lulus
609,593,614,596,Lulus
609,593,614,596,Lulus
609,593,614,596,Lulus
609,594,614,596,Lulus
609,594,614,596,Tidak Lulus
609,594,615,597,Lulus
609,594,615,597,Lulus
609,594,615,597,Tidak Lulus
610,594,615,597,Lulus
610,594,615,597,Lulus
610,594,615,597,Lulus
610,594,615,597,Lulus
610,594,615,597,Tidak Lulus
610,594,616,597,Lulus
610,594,616,597,Lulus
610,594,616,597,Tidak Lulus
610,594,616,597,Tidak Lulus
610,594,616,598,Tidak Lulus
610,594,616,598,Lulus
610,595,616,598,Lulus
610,595,617,598,Lulus
610,595,617,598,Tidak Lulus
610,595,617,598,Lulus
611,595,617,598,Tidak Lulus
611,595,617,598,Lulus
611,595,617,598,Lulus
611,596,617,599,Tidak Lulus
611,596,617,599,Lulus
611,596,617,599,Lulus
611,596,617,599,Lulus
611,596,617,599,Lulus
611,596,617,599,Tidak Lulus
611,596,617,599,Lulus
612,596,617,599,Lulus
612,597,617,599,Lulus
612,597,617,599,Lulus
612,597,617,599,Tidak Lulus
612,597,617,599,Lulus
612,597,618,599,Lulus
612,597,618,599,Lulus
612,597,618,599,Lulus
612,598,618,599,Tidak Lulus
612,598,618,599,Lulus
612,598,618,599,Lulus
613,598,618,600,Lulus
613,598,618,600,Lulus
613,598,618,600,Lulus
613,598,618,600,Tidak Lulus
613,598,618,600,Lulus
613,599,618,600,Lulus
613,599,618,600,Lulus
613,599,619,600,Lulus
614,599,619,600,Tidak Lulus
614,599,619,600,Lulus
614,599,619,600,Tidak Lulus
614,599,619,600,Lulus
614,599,619,600,Lulus
614,599,619,600,Lulus
614,599,619,600,Lulus
614,599,619,601,Tidak Lulus
614,600,620,601,Tidak Lulus
614,600,620,601,Lulus
614,600,620,601,Tidak Lulus
614,600,620,601,Lulus
615,600,620,601,Lulus
615,600,620,601,Lulus
615,600,620,601,Tidak Lulus
615,600,620,601,Lulus
615,600,620,601,Tidak Lulus
615,600,620,601,Lulus
615,600,621,601,Lulus
615,600,621,601,Lulus
615,600,621,602,Lulus
615,600,621,602,Tidak Lulus
616,601,621,602,Lulus
616,601,622,602,Lulus
616,601,622,602,Lulus
616,601,622,603,Lulus
616,601,622,603,Lulus
616,601,623,603,Lulus
616,601,623,603,Tidak Lulus
616,601,623,603,Lulus
616,601,623,603,Lulus
616,601,623,604,Lulus
616,601,623,604,Lulus
616,601,623,604,Lulus
616,601,623,604,Lulus
616,601,623,604,Lulus
616,602,623,604,Lulus
616,602,624,604,Lulus
617,602,624,604,Lulus
617,602,624,604,Lulus
617,602,624,604,Lulus
617,602,624,604,Lulus
617,602,624,604,Lulus
617,602,624,605,Tidak Lulus
617,602,624,605,Lulus
617,602,624,605,Tidak Lulus
617,602,625,605,Lulus
618,602,625,605,Lulus
618,602,625,605,Tidak Lulus
618,603,625,605,Lulus
618,603,625,605,Lulus
618,603,625,605,Tidak Lulus
618,603,626,605,Lulus
618,603,626,605,Tidak Lulus
618,603,626,605,Lulus
619,603,626,605,Tidak Lulus
619,603,626,605,Lulus
619,603,626,605,Lulus
619,603,626,606,Tidak Lulus
619,603,626,606,Lulus
619,603,627,606,Lulus
619,604,627,606,Tidak Lulus
619,604,627,606,Lulus
619,604,627,606,Lulus
619,604,627,606,Lulus
619,604,627,607,Lulus
619,604,627,607,Lulus
619,604,628,607,Tidak Lulus
619,604,628,607,Lulus
620,604,628,607,Tidak Lulus
620,604,628,607,Lulus
620,605,628,607,Lulus
620,605,628,607,Lulus
620,605,628,607,Lulus
620,605,628,608,Lulus
621,605,628,608,Lulus
621,605,628,608,Lulus
621,605,628,608,Lulus
621,606,628,609,Tidak Lulus
621,606,629,609,Lulus
621,606,629,609,Tidak Lulus
621,606,629,609,Tidak Lulus
621,606,629,609,Tidak Lulus
621,606,629,609,Lulus
621,606,629,609,Lulus
621,606,629,609,Tidak Lulus
621,606,629,609,Lulus
622,606,629,610,Tidak Lulus
622,606,630,610,Lulus
622,607,630,610,Lulus
622,607,630,610,Lulus
622,607,630,610,Tidak Lulus
622,607,630,610,Lulus
622,607,630,610,Tidak Lulus
622,607,630,610,Lulus
622,607,630,610,Lulus
622,607,630,610,Lulus
622,607,630,610,Lulus
623,608,630,610,Lulus
623,608,630,610,Lulus
623,608,630,611,Lulus
623,608,630,611,Tidak Lulus
624,608,631,611,Lulus
624,608,631,611,Lulus
624,608,631,611,Lulus
624,608,631,611,Lulus
624,608,631,611,Tidak Lulus
624,608,632,611,Lulus
624,608,632,611,Lulus
624,609,632,612,Lulus
624,609,632,612,Lulus
624,609,633,612,Lulus
624,609,633,612,Lulus
624,609,633,612,Lulus
625,609,633,612,Tidak Lulus
625,609,633,612,Tidak Lulus
625,609,633,613,Lulus
625,609,633,613,Lulus
625,610,633,613,Tidak Lulus
625,610,633,613,Lulus
625,610,633,613,Tidak Lulus
625,610,633,613,Lulus
625,610,633,614,Lulus
626,610,633,614,Lulus
626,610,634,614,Lulus
626,610,634,614,Lulus
626,610,634,614,Lulus
626,610,634,615,Tidak Lulus
626,610,634,615,Tidak Lulus
626,611,634,615,Lulus
626,611,634,615,Lulus
627,611,634,615,Lulus
627,612,634,615,Lulus
627,612,635,615,Lulus
627,612,635,615,Lulus
627,612,635,616,Lulus
627,612,635,616,Lulus
627,612,635,616,Tidak Lulus
627,612,635,616,Lulus
627,612,635,616,Lulus
627,613,636,616,Lulus
627,613,636,616,Tidak Lulus
628,613,636,616,Lulus
628,613,636,617,Tidak Lulus
628,613,636,617,Tidak Lulus
628,613,636,617,Lulus
628,613,637,617,Lulus
628,614,637,617,Lulus
628,614,637,617,Tidak Lulus
628,614,637,617,Lulus
629,614,637,617,Lulus
629,614,638,617,Tidak Lulus
629,614,638,617,Lulus
629,615,638,617,Tidak Lulus
629,615,638,617,Tidak Lulus
629,615,638,618,Tidak Lulus
629,615,638,618,Lulus
629,615,638,618,Lulus
629,615,638,618,Tidak Lulus
629,615,639,618,Tidak Lulus
629,615,639,618,Lulus
630,615,639,618,Tidak Lulus
630,615,639,618,Lulus
630,615,639,618,Tidak Lulus
630,615,640,618,Tidak Lulus
630,615,640,619,Tidak Lulus
630,615,640,619,Tidak Lulus
630,616,640,619,Lulus
630,616,640,619,Tidak Lulus
630,616,640,619,Tidak Lulus
630,616,640,619,Tidak Lulus
631,616,640,619,Lulus
631,616,640,619,Tidak Lulus
631,616,641,619,Tidak Lulus
631,617,641,619,Lulus
631,617,641,620,Tidak Lulus
632,617,641,620,Lulus
632,617,641,620,Tidak Lulus
632,617,641,620,Tidak Lulus
632,617,642,620,Lulus
632,617,642,620,Tidak Lulus
632,617,642,620,Lulus
633,617,642,621,Lulus
633,617,642,621,Lulus
633,617,642,621,Lulus
633,617,642,621,Tidak Lulus
633,618,642,621,Lulus
633,618,643,621,Lulus
633,618,643,621,Tidak Lulus
634,618,643,621,Tidak Lulus
634,618,643,621,Lulus
634,618,643,621,Lulus
634,618,644,621,Lulus
634,618,644,621,Lulus
634,618,644,621,Lulus
634,618,644,622,Tidak Lulus
634,618,644,622,Lulus
634,618,644,622,Tidak Lulus
634,619,644,622,Tidak Lulus
634,619,644,622,Tidak Lulus
634,619,644,622,Tidak Lulus
634,619,644,622,Tidak Lulus
634,619,645,622,Lulus
634,619,645,622,Tidak Lulus
634,620,645,622,Lulus
634,620,645,622,Tidak Lulus
634,620,645,623,Lulus
635,620,646,623,Tidak Lulus
635,620,646,624,Tidak Lulus
635,620,646,624,Lulus
635,620,646,624,Lulus
635,620,646,624,Tidak Lulus
635,620,646,624,Tidak Lulus
635,620,646,624,Lulus
635,620,646,625,Tidak Lulus
635,621,646,625,Lulus
635,621,646,625,Tidak Lulus
635,621,647,625,Lulus
635,621,647,625,Lulus
635,621,647,625,Lulus
636,622,647,626,Tidak Lulus
636,622,647,626,Tidak Lulus
636,622,647,626,Tidak Lulus
636,622,647,626,Tidak Lulus
636,622,647,626,Lulus
636,622,647,626,Tidak Lulus
636,622,647,626,Tidak Lulus
636,622,647,626,Lulus
636,622,647,626,Tidak Lulus
636,622,647,626,Lulus
637,623,647,626,Tidak Lulus
637,623,648,627,Tidak Lulus
637,624,648,627,Lulus
637,624,648,628,Tidak Lulus
637,624,648,628,Lulus
637,624,648,628,Tidak Lulus
637,624,648,628,Lulus
638,624,649,628,Tidak Lulus
638,624,649,629,Lulus
638,625,649,629,Tidak Lulus
638,625,649,629,Lulus
639,625,649,629,Tidak Lulus
639,625,649,629,Tidak Lulus
639,625,649,629,Lulus
639,625,649,630,Lulus
639,625,649,630,Tidak Lulus
639,626,650,630,Tidak Lulus
639,626,650,630,Tidak Lulus
639,626,650,631,Tidak Lulus
640,626,650,631,Tidak Lulus
640,626,650,631,Lulus
640,626,650,631,Lulus
640,626,651,631,Tidak Lulus
640,627,651,631,Tidak Lulus
640,627,651,631,Tidak Lulus
640,627,651,632,Tidak Lulus
640,627,651,632,Lulus
641,627,651,632,Tidak Lulus
641,627,651,632,Tidak Lulus
641,627,651,632,Lulus
641,628,651,632,Tidak Lulus
641,628,651,632,Tidak Lulus
641,628,651,633,Tidak Lulus
641,628,652,633,Tidak Lulus
641,628,652,633,Lulus
641,629,652,633,Lulus
642,629,652,633,Tidak Lulus
642,629,653,633,Tidak Lulus
642,629,653,633,Lulus
642,629,653,633,Tidak Lulus
642,629,653,633,Tidak Lulus
642,629,653,633,Tidak Lulus
642,629,653,633,Lulus
642,629,653,633,Lulus
642,629,653,634,Tidak Lulus
643,630,653,634,Lulus
643,630,654,634,Lulus
643,630,654,634,Lulus
643,630,654,635,Tidak Lulus
643,630,654,635,Tidak Lulus
643,630,654,635,Tidak Lulus
643,630,655,635,Lulus
643,630,655,635,Tidak Lulus
644,630,655,636,Lulus
644,630,656,636,Tidak Lulus
644,631,656,636,Tidak Lulus
644,631,656,636,Lulus
645,631,656,636,Tidak Lulus
645,631,657,636,Lulus
645,631,657,637,Lulus
645,631,657,638,Lulus
645,631,657,638,Tidak Lulus
645,632,657,638,Tidak Lulus
645,632,658,638,Tidak Lulus
646,632,658,638,Tidak Lulus
646,632,658,638,Lulus
646,632,658,639,Tidak Lulus
646,632,659,639,Lulus
646,632,659,639,Lulus
647,632,659,639,Lulus
647,632,659,639,Lulus
648,632,659,639,Lulus
648,632,660,639,Tidak Lulus
648,633,660,639,Tidak Lulus
648,633,660,639,Lulus
648,633,660,640,Tidak Lulus
648,633,660,640,Tidak Lulus
648,633,661,641,Lulus
649,633,661,641,Lulus
649,634,661,641,Tidak Lulus
649,634,661,641,Tidak Lulus
649,634,661,642,Tidak Lulus
649,634,661,642,Tidak Lulus
650,634,661,642,Tidak Lulus
650,634,662,642,Lulus
650,635,662,642,Tidak Lulus
650,635,662,642,Lulus
650,635,662,643,Lulus
650,635,662,643,Tidak Lulus
650,635,663,643,Lulus
650,636,663,643,Lulus
650,636,663,643,Tidak Lulus
650,636,663,643,Tidak Lulus
651,636,663,643,Tidak Lulus
651,636,663,644,Tidak Lulus
651,636,664,644,Tidak Lulus
651,637,664,644,Tidak Lulus
651,637,665,644,Tidak Lulus
651,637,665,645,Tidak Lulus
652,637,665,645,Tidak Lulus
652,637,665,645,Lulus
652,637,665,646,Tidak Lulus
652,637,666,646,Tidak Lulus
652,638,666,646,Tidak Lulus
652,638,666,646,Tidak Lulus
652,639,666,646,Lulus
652,639,666,646,Tidak Lulus
653,639,667,647,Tidak Lulus
653,639,667,647,Tidak Lulus
653,639,667,647,Tidak Lulus
653,639,667,647,Lulus
653,640,667,647,Lulus
653,640,667,647,Lulus
653,640,668,647,Tidak Lulus
653,640,668,647,Tidak Lulus
653,640,668,647,Lulus
653,640,668,648,Lulus
654,640,668,648,Tidak Lulus
655,640,668,648,Tidak Lulus
655,640,668,649,Tidak Lulus
655,640,668,649,Lulus
655,640,668,649,Lulus
655,641,668,649,Tidak Lulus
655,641,669,649,Lulus
655,641,669,650,Tidak Lulus
655,641,669,650,Lulus
656,641,670,651,Tidak Lulus
656,641,670,651,Tidak Lulus
656,641,670,651,Tidak Lulus
657,641,671,651,Tidak Lulus
657,641,671,652,Tidak Lulus
657,641,671,653,Tidak Lulus
657,641,671,653,Lulus
657,642,671,653,Tidak Lulus
657,642,671,654,Tidak Lulus
658,642,672,654,Tidak Lulus
658,642,673,654,Tidak Lulus
658,642,673,654,Tidak Lulus
658,642,673,654,Lulus
658,642,673,654,Tidak Lulus
658,643,674,654,Tidak Lulus
658,643,674,654,Tidak Lulus
659,643,674,654,Tidak Lulus
659,643,674,655,Tidak Lulus
659,644,675,655,Lulus
659,644,675,656,Tidak Lulus
659,644,675,656,Tidak Lulus
659,644,675,656,Tidak Lulus
660,645,675,656,Tidak Lulus
660,645,675,656,Lulus
660,645,675,656,Tidak Lulus
660,645,676,656,Tidak Lulus
660,645,676,656,Lulus
660,646,676,657,Lulus
660,646,676,657,Tidak Lulus
661,646,677,657,Lulus
661,647,677,657,Tidak Lulus
662,647,677,657,Lulus
662,647,678,658,Lulus
662,647,678,658,Lulus
662,647,678,659,Tidak Lulus
662,647,679,659,Lulus
663,648,679,659,Lulus
663,648,680,660,Tidak Lulus
663,648,680,660,Lulus
664,648,680,660,Tidak Lulus
664,648,680,661,Tidak Lulus
664,648,681,661,Tidak Lulus
664,648,681,661,Tidak Lulus
664,648,681,661,Lulus
665,648,681,661,Lulus
665,648,682,661,Lulus
665,649,682,661,Tidak Lulus
665,650,682,662,Tidak Lulus
666,650,682,662,Lulus
666,650,682,662,Lulus
667,650,682,662,Tidak Lulus
667,650,683,663,Lulus
667,651,683,663,Tidak Lulus
667,651,683,663,Tidak Lulus
667,651,683,663,Tidak Lulus
668,651,683,663,Tidak Lulus
668,651,684,664,Tidak Lulus
668,651,684,664,Lulus
669,651,684,665,Lulus
670,651,684,665,Lulus
670,651,685,666,Tidak Lulus
670,652,685,666,Tidak Lulus
670,652,685,666,Lulus
670,652,685,666,Tidak Lulus
670,652,685,666,Tidak Lulus
670,653,685,666,Tidak Lulus
671,653,685,667,Tidak Lulus
671,653,686,667,Lulus
671,653,686,668,Tidak Lulus
671,654,687,668,Tidak Lulus
671,655,687,668,Tidak Lulus
672,655,688,668,Lulus
672,655,688,669,Tidak Lulus
672,655,688,669,Lulus
673,655,689,669,Tidak Lulus
673,656,689,669,Lulus
674,656,689,669,Tidak Lulus
674,657,689,671,Lulus
674,657,690,671,Tidak Lulus
675,657,690,671,Tidak Lulus
675,657,691,671,Lulus
675,657,691,672,Tidak Lulus
675,658,691,672,Tidak Lulus
675,658,691,672,Tidak Lulus
675,659,691,673,Lulus
675,659,691,673,Lulus
677,659,691,673,Tidak Lulus
678,659,692,674,Tidak Lulus
678,659,692,674,Tidak Lulus
678,660,692,674,Tidak Lulus
678,660,693,675,Tidak Lulus
678,660,694,675,Lulus
679,661,694,675,Tidak Lulus
679,661,694,676,Lulus
679,661,695,677,Lulus
679,662,695,677,Lulus
680,662,695,677,Tidak Lulus
680,662,696,678,Lulus
680,663,696,678,Lulus
680,663,696,678,Tidak Lulus
680,664,697,678,Tidak Lulus
681,664,697,678,Tidak Lulus
681,664,697,679,Tidak Lulus
681,664,697,680,Tidak Lulus
681,664,697,680,Tidak Lulus
681,665,698,680,Lulus
681,665,698,680,Lulus
682,665,699,681,Tidak Lulus
683,667,699,682,Lulus
684,667,699,682,Tidak Lulus
684,667,700,682,Lulus
684,668,700,682,Tidak Lulus
684,668,700,683,Tidak Lulus
684,668,700,683,Tidak Lulus
684,668,701,683,Tidak Lulus
685,668,701,683,Lulus
685,668,701,684,Tidak Lulus
685,669,701,684,Lulus
685,669,701,685,Tidak Lulus
685,670,702,686,Tidak Lulus
686,670,702,687,Lulus
686,670,702,687,Tidak Lulus
686,670,702,688,Lulus
687,670,702,688,Lulus
687,670,702,690,Lulus
688,671,704,690,Tidak Lulus
688,671,704,690,Lulus
689,672,705,690,Lulus
690,674,705,690,Tidak Lulus
690,674,706,690,Lulus
690,676,706,691,Tidak Lulus
690,676,706,691,Tidak Lulus
691,676,708,691,Lulus
691,676,708,691,Tidak Lulus
691,677,708,692,Lulus
692,677,709,692,Tidak Lulus
692,677,709,693,Lulus
692,677,710,693,Lulus
693,677,710,693,Lulus
693,678,710,694,Lulus
694,678,711,694,Lulus
694,678,711,695,Tidak Lulus
694,678,711,695,Tidak Lulus
695,678,711,696,Lulus
695,678,712,696,Tidak Lulus
695,679,712,696,Lulus
696,679,713,696,Tidak Lulus
696,679,713,696,Tidak Lulus
697,679,716,697,Tidak Lulus
697,681,716,698,Lulus
697,682,717,698,Tidak Lulus
698,683,717,698,Tidak Lulus
698,683,717,698,Lulus
698,684,718,699,Lulus
700,684,718,700,Lulus
700,684,719,700,Tidak Lulus
700,684,720,700,Lulus
700,684,720,700,Tidak Lulus
701,686,721,701,Lulus
701,686,721,702,Tidak Lulus
701,687,724,702,Tidak Lulus
701,687,724,703,Tidak Lulus
702,687,724,703,Lulus
702,688,724,703,Tidak Lulus
703,689,725,703,Tidak Lulus
703,689,726,703,Lulus
703,690,726,704,Tidak Lulus
703,690,727,705,Lulus
704,690,728,705,Lulus
705,690,729,705,Tidak Lulus
706,691,729,706,Tidak Lulus
706,691,730,706,Lulus
707,691,731,707,Lulus
708,692,732,708,Tidak Lulus
709,692,732,708,Lulus
709,692,732,708,Tidak Lulus
710,693,733,708,Lulus
710,693,734,708,Lulus
710,695,735,709,Tidak Lulus
710,695,736,709,Tidak Lulus
711,695,736,711,Tidak Lulus
711,695,738,711,Tidak Lulus
711,696,738,711,Lulus
711,696,739,711,Lulus
711,696,739,712,Lulus
714,697,739,712,Lulus
716,698,739,713,Lulus
716,699,740,713,Tidak Lulus
716,699,740,713,Lulus
716,699,741,714,Lulus
717,701,742,714,Tidak Lulus
717,702,742,714,Tidak Lulus
717,703,743,715,Lulus
721,704,743,715,Lulus
722,704,744,716,Lulus
723,704,744,716,Lulus
723,704,745,717,Lulus
727,705,747,717,Tidak Lulus
728,706,747,717,Tidak Lulus
729,706,749,718,Tidak Lulus
729,706,750,719,Tidak Lulus
730,707,755,719,Lulus
730,709,756,720,Lulus
731,709,757,721,Tidak Lulus
732,711,757,721,Tidak Lulus
733,711,758,722,Tidak Lulus
735,712,759,722,Lulus
735,713,761,722,Tidak Lulus
738,713,762,723,Tidak Lulus
740,716,763,723,Tidak Lulus
741,717,764,726,Tidak Lulus
741,717,766,728,Tidak Lulus
742,718,767,729,Lulus
746,719,770,729,Tidak Lulus
749,721,772,729,Lulus
751,721,774,735,Tidak Lulus
752,723,777,735,Lulus
752,723,779,739,Lulus
752,725,779,739,Tidak Lulus
757,725,781,740,Tidak Lulus
757,725,781,742,Lulus
765,726,781,743,Lulus
